transaction_id,investor_id,scheme_code,transaction_date,transaction_type,amount,units,kyc_status,state
TXN10001,INV20164,119018,21/02/2023,Lumpsum,194061,,N,Punjab
TXN10002,INV20109,119018,2023-03-03,Lumpsum,158815,,No,Telangana
TXN10003,INV20108,119598,08/07/2025,SIP,42853,857.06,Pending,Uttar Pradesh
TXN10004,INV20040,119598,2024-11-20,sip,95104,1902.08,Approved,Maharashtra
TXN10005,INV20187,118632,2026-01-03,redemption,77854,1557.08,Pending,Punjab
TXN10006,INV20050,120152,2023-05-23,Lumpsum,21916,438.32,N,West Bengal
TXN10007,INV20072,118632,17-01-2025,Redemption,176682,3533.64,N,Punjab
TXN10008,INV20163,119598,29-12-2025,Sip,71765,1435.3,No,Gujarat
TXN10009,INV20216,119018,2024-04-14,Redemption,18350,367.0,Pending,Tamil Nadu
TXN10010,INV20168,118632,03/21/2025,Sip,65651,1313.02,Approved,Punjab
TXN10011,INV20110,120465,28/03/2025,Lumpsum,37262,745.24,N,Maharashtra
TXN10012,INV20221,119018,10-11-2023,redemption,101864,2037.28,,Telangana
TXN10013,INV20065,120465,2023-01-24,LUMP-SUM,202483,4049.66,N,Uttar Pradesh
TXN10014,INV20112,119598,2025-07-18,lumpsum,200743,,N,Uttar Pradesh
TXN10015,INV20216,120152,05-11-2025,Sip,43349,866.98,Y,Punjab
TXN10016,INV20083,118632,2023-02-09,Redemption,219016,4380.32,No,Maharashtra
TXN10017,INV20062,120465,2023-06-11,REDEMPTION,200387,4007.74,Yes,Karnataka
TXN10018,INV20169,118632,30-01-2026,lumpsum,160014,3200.28,No,Telangana
TXN10019,INV20194,120152,16/02/2024,redemption,171361,3427.22,,Delhi
TXN10020,INV20064,119598,12/05/2023,SIP,61323,1226.46,Y,Delhi
TXN10021,INV20182,120152,01-05-2023,sip,226348,4526.96,No,Uttar Pradesh
TXN10022,INV20172,118632,14-03-2024,REDEMPTION,124987,2499.74,No,Delhi
TXN10023,INV20025,120152,01/06/2025,redemption,227449,4548.98,N,Maharashtra
TXN10024,INV20104,120152,2024-11-25,Lumpsum,141584,2831.68,done,Karnataka
TXN10025,INV20072,118632,2024-05-26,REDEMPTION,225386,4507.72,Y,Telangana
TXN10026,INV20215,119018,11-07-2023,Sip,127185,2543.7,done,Maharashtra
TXN10027,INV20043,118632,01/05/2023,lumpsum,206816,4136.32,done,Telangana
TXN10028,INV20170,120152,23-09-2025,Lumpsum,16331,326.62,Y,Gujarat
TXN10029,INV20015,119018,04/11/2026,LUMP-SUM,140231,,N,Karnataka
TXN10030,INV20018,120465,20-05-2023,redemption,234383,4687.66,Y,Punjab
TXN10031,INV20021,118632,10/04/2026,lumpsum,188745,3774.9,Approved,West Bengal
TXN10032,INV20034,120152,09/06/2024,Redemption,246297,,,Punjab
TXN10033,INV20145,119018,31-05-2023,LUMP-SUM,245648,4912.96,N,Tamil Nadu
TXN10034,INV20095,120586,11/20/2023,LUMP-SUM,161347,3226.94,Y,Telangana
TXN10035,INV20077,120152,01-08-2023,lumpsum,29058,581.16,Yes,Uttar Pradesh
TXN10036,INV20073,120465,07/03/2024,Lumpsum,224585,4491.7,,Uttar Pradesh
TXN10037,INV20232,119018,07/09/2023,lumpsum,88439,1768.78,Approved,Karnataka
TXN10038,INV20190,118632,02/03/2026,LUMP-SUM,0,,Yes,Telangana
TXN10039,INV20010,120586,07-04-2026,redemption,81808,1636.16,Y,Gujarat
TXN10040,INV20054,120152,2024-05-26,Redemption,232770,4655.4,Yes,Tamil Nadu
TXN10041,INV20222,119598,12/29/2023,SIP,243348,4866.96,done,Tamil Nadu
TXN10042,INV20069,119598,08/10/2023,SIP,59309,,,Gujarat
TXN10043,INV20079,119598,2024-04-01,Lumpsum,74034,1480.68,Approved,Gujarat
TXN10044,INV20165,120465,29/03/2025,SIP,69475,,Approved,Maharashtra
TXN10045,INV20028,120465,08/06/2025,Redemption,135066,,No,Uttar Pradesh
TXN10046,INV20012,120152,2025-06-12,LUMP-SUM,142151,2843.02,No,Gujarat
TXN10047,INV20111,119018,07/11/2024,sip,79727,1594.54,done,Gujarat
TXN10048,INV20104,120152,28-08-2024,Lumpsum,247510,4950.2,Yes,Punjab
TXN10049,INV20146,120586,2025-04-11,lumpsum,113692,2273.84,Pending,Haryana
TXN10050,INV20114,118632,03/13/2024,Sip,75392,1507.84,Pending,Delhi
TXN10051,INV20210,119598,27-09-2024,Lumpsum,13114,262.28,,Punjab
TXN10052,INV20218,119018,07/21/2025,Lumpsum,101657,2033.14,No,Karnataka
TXN10053,INV20168,120152,2023-01-12,redemption,211792,4235.84,,Maharashtra
TXN10054,INV20143,119598,09/06/2023,Sip,176001,3520.02,Pending,Haryana
TXN10055,INV20157,120152,10/30/2025,LUMP-SUM,42722,854.44,,Haryana
TXN10056,INV20067,119598,07/21/2024,Lumpsum,21311,426.22,No,Uttar Pradesh
TXN10057,INV20086,120586,2026-01-11,Sip,101410,2028.2,No,Delhi
TXN10058,INV20107,118632,11/08/2024,redemption,219337,4386.74,Y,Punjab
TXN10059,INV20098,118632,13/01/2023,lumpsum,224726,4494.52,done,Telangana
TXN10060,INV20192,120152,23-01-2026,REDEMPTION,115251,2305.02,done,Gujarat
TXN10061,INV20172,120152,08-04-2025,REDEMPTION,164120,3282.4,done,Punjab
TXN10062,INV20145,120152,2023-02-25,redemption,122031,,Approved,West Bengal
TXN10063,INV20084,119598,20/07/2025,Redemption,100385,2007.7,done,Uttar Pradesh
TXN10064,INV20214,119018,2025-08-21,LUMP-SUM,92740,1854.8,N,Maharashtra
TXN10065,INV20194,119018,21-05-2024,SIP,63533,,N,Punjab
TXN10066,INV20243,119598,10/08/2025,Redemption,160186,3203.72,N,Karnataka
TXN10067,INV20247,120586,2023-08-10,lumpsum,239033,4780.66,done,Tamil Nadu
TXN10068,INV20020,120465,2024-05-12,lumpsum,158394,3167.88,Y,Gujarat
TXN10069,INV20137,118632,2025-01-28,LUMP-SUM,4316,86.32,,Delhi
TXN10070,INV20111,120586,30-07-2025,redemption,137772,2755.44,Approved,Punjab
TXN10071,INV20207,120465,09/17/2025,redemption,156313,3126.26,No,Delhi
TXN10072,INV20072,118632,05/14/2024,redemption,130579,2611.58,Yes,Haryana
TXN10073,INV20055,120586,13/06/2024,lumpsum,184811,3696.22,Y,Telangana
TXN10074,INV20243,119598,25-06-2023,redemption,199748,3994.96,,Haryana
TXN10075,INV20115,119018,10/07/2023,Lumpsum,64780,1295.6,Pending,Haryana
TXN10076,INV20142,120465,12/05/2024,LUMP-SUM,185249,3704.98,Approved,Uttar Pradesh
TXN10077,INV20060,119018,30/01/2024,sip,200803,4016.06,No,Tamil Nadu
TXN10078,INV20190,118632,20/07/2024,sip,78659,1573.18,Yes,Uttar Pradesh
TXN10079,INV20004,120152,29-12-2025,lumpsum,15293,305.86,Yes,Haryana
TXN10080,INV20027,119018,21/03/2026,REDEMPTION,90314,,Y,Uttar Pradesh
TXN10081,INV20241,118632,2023-08-22,redemption,152262,3045.24,Y,Karnataka
TXN10082,INV20039,120465,2024-09-14,Lumpsum,201394,4027.88,No,Telangana
TXN10083,INV20098,118632,25/06/2025,redemption,163798,,N,Tamil Nadu
TXN10084,INV20161,119598,2024-06-25,Sip,145701,,Y,West Bengal
TXN10085,INV20116,120152,05/01/2026,lumpsum,-5220,0.0,,Delhi
TXN10086,INV20176,119598,25-06-2024,redemption,59932,1198.64,Approved,Karnataka
TXN10087,INV20019,119018,06/12/2023,lumpsum,123866,2477.32,done,Uttar Pradesh
TXN10088,INV20129,120465,10/08/2025,sip,234156,4683.12,Pending,Punjab
TXN10089,INV20065,119018,07-07-2023,SIP,177234,3544.68,Y,Karnataka
TXN10090,INV20121,120465,24/06/2025,Sip,115264,2305.28,,Delhi
TXN10091,INV20121,120586,16/04/2025,Redemption,225849,,done,Haryana
TXN10092,INV20074,120152,2025-03-31,REDEMPTION,67164,1343.28,done,Telangana
TXN10093,INV20212,119018,01/16/2026,redemption,136905,2738.1,,Haryana
TXN10094,INV20195,119018,21/02/2024,LUMP-SUM,76505,1530.1,,Delhi
TXN10095,INV20008,120152,31-05-2026,Sip,4584,91.68,N,Tamil Nadu
TXN10096,INV20216,119018,2025-08-03,Sip,188853,3777.06,Approved,West Bengal
TXN10097,INV20214,118632,25-08-2025,REDEMPTION,101554,,Yes,Delhi
TXN10098,INV20071,118632,27/11/2024,SIP,79264,1585.28,,Karnataka
TXN10099,INV20115,120465,18/09/2025,Redemption,143456,2869.12,Pending,Tamil Nadu
TXN10100,INV20179,119598,03/17/2026,Lumpsum,108682,,,West Bengal
TXN10101,INV20099,120152,11/08/2023,SIP,155712,3114.24,N,Haryana
TXN10102,INV20026,120465,2025-07-24,Sip,172646,3452.92,N,Haryana
TXN10103,INV20201,120586,11/24/2024,sip,224436,4488.72,done,Gujarat
TXN10104,INV20161,120152,2025-09-26,sip,180411,3608.22,No,Delhi
TXN10105,INV20112,119018,07/25/2023,Sip,237827,,Pending,Maharashtra
TXN10106,INV20076,120586,02/06/2025,Sip,109016,2180.32,Yes,Karnataka
TXN10107,INV20045,119018,06/02/2026,Lumpsum,153871,,,Uttar Pradesh
TXN10108,INV20118,120586,01/20/2023,lumpsum,42412,,Pending,Punjab
TXN10109,INV20077,120152,18/05/2025,REDEMPTION,53223,1064.46,,Delhi
TXN10110,INV20061,118632,17/03/2026,lumpsum,78392,,done,Uttar Pradesh
TXN10111,INV20003,120465,04/11/2023,lumpsum,61324,1226.48,Pending,Tamil Nadu
TXN10112,INV20163,119598,28-05-2024,sip,170434,,,Maharashtra
TXN10113,INV20149,120586,2023-09-27,lumpsum,109921,,Yes,Telangana
TXN10114,INV20225,120586,23/12/2025,Sip,217187,4343.74,Approved,Gujarat
TXN10115,INV20206,119018,2025-08-17,Sip,60143,1202.86,done,Telangana
TXN10116,INV20094,119018,2025-03-19,lumpsum,120219,2404.38,Approved,Punjab
TXN10117,INV20098,120152,2025-01-30,Lumpsum,163410,3268.2,Pending,Punjab
TXN10118,INV20057,120152,05/10/2023,lumpsum,31585,,Y,Uttar Pradesh
TXN10119,INV20127,119018,19-07-2023,LUMP-SUM,119919,2398.38,done,Punjab
TXN10120,INV20191,120152,11/13/2023,sip,162389,3247.78,Approved,Maharashtra
TXN10121,INV20177,120586,03/20/2024,REDEMPTION,225251,4505.02,Pending,Telangana
TXN10122,INV20231,120152,2025-01-04,redemption,33023,660.46,,Delhi
TXN10123,INV20170,119598,2026-05-07,SIP,64850,1297.0,No,Delhi
TXN10124,INV20213,120465,29-02-2024,Lumpsum,39680,793.6,Y,Uttar Pradesh
TXN10125,INV20220,119598,24/09/2023,Sip,228134,,Y,Gujarat
TXN10126,INV20203,119598,20/04/2026,SIP,14736,,done,Telangana
TXN10127,INV20030,120152,05/11/2023,REDEMPTION,135542,2710.84,,Telangana
TXN10128,INV20057,120465,30/03/2023,REDEMPTION,9165,,,West Bengal
TXN10129,INV20110,120152,08/10/2023,REDEMPTION,22178,443.56,Yes,Delhi
TXN10130,INV20033,120586,13/04/2026,redemption,140082,2801.64,done,Delhi
TXN10131,INV20204,120152,23-08-2023,redemption,60898,1217.96,,West Bengal
TXN10132,INV20107,120152,14/07/2023,redemption,67817,1356.34,Yes,Haryana
TXN10133,INV20018,119018,2023-06-24,redemption,194670,3893.4,Yes,Telangana
TXN10134,INV20016,120465,24/02/2026,sip,230010,4600.2,done,Maharashtra
TXN10135,INV20248,120586,14/05/2026,Redemption,134015,2680.3,,Tamil Nadu
TXN10136,INV20217,119018,18/12/2024,sip,151496,3029.92,done,Telangana
TXN10137,INV20250,120465,2026-06-10,lumpsum,-4977,0.0,Approved,Gujarat
TXN10138,INV20090,119018,07-01-2024,redemption,195240,3904.8,Y,Delhi
TXN10139,INV20192,120465,03/16/2024,redemption,42263,845.26,Pending,Punjab
TXN10140,INV20153,119018,18-04-2023,Sip,14044,280.88,Approved,Haryana
TXN10141,INV20170,118632,09/21/2025,redemption,198903,3978.06,Pending,West Bengal
TXN10142,INV20029,120586,04/29/2026,LUMP-SUM,12905,258.1,Y,Maharashtra
TXN10143,INV20053,120586,08-03-2024,lumpsum,32453,,done,Karnataka
TXN10144,INV20034,118632,26-12-2025,LUMP-SUM,176124,3522.48,N,West Bengal
TXN10145,INV20221,120152,03/28/2023,SIP,21411,428.22,done,Punjab
TXN10146,INV20104,120152,05/05/2025,sip,86136,,,Gujarat
TXN10147,INV20023,118632,05-08-2023,redemption,138353,,Approved,Gujarat
TXN10148,INV20057,120586,2023-12-11,LUMP-SUM,140094,2801.88,Pending,Gujarat
TXN10149,INV20187,120152,30-10-2023,sip,52713,,Yes,Delhi
TXN10150,INV20046,120152,10/08/2025,REDEMPTION,232223,4644.46,Pending,Gujarat
TXN10151,INV20039,118632,05/20/2023,REDEMPTION,209753,4195.06,Y,Gujarat
TXN10152,INV20130,119018,09/27/2024,REDEMPTION,-6541,0.0,N,Delhi
TXN10153,INV20158,120465,11/04/2025,REDEMPTION,208570,4171.4,Y,Haryana
TXN10154,INV20233,120465,21/01/2024,REDEMPTION,17219,344.38,Pending,Delhi
TXN10155,INV20130,120152,2023-12-20,Lumpsum,116191,2323.82,Yes,Gujarat
TXN10156,INV20096,120586,03/04/2025,Redemption,14727,294.54,Pending,Delhi
TXN10157,INV20085,119018,02/16/2026,lumpsum,224232,4484.64,Yes,Gujarat
TXN10158,INV20021,120465,17/10/2023,lumpsum,184102,3682.04,Yes,Punjab
TXN10159,INV20182,119018,09/26/2024,Redemption,176666,3533.32,N,West Bengal
TXN10160,INV20131,120586,07/02/2023,lumpsum,57149,1142.98,,Tamil Nadu
TXN10161,INV20058,119598,2023-11-14,lumpsum,27513,550.26,Y,Gujarat
TXN10162,INV20225,120465,09/26/2023,Sip,218932,4378.64,Yes,Haryana
TXN10163,INV20012,118632,16-01-2025,REDEMPTION,198234,3964.68,,Tamil Nadu
TXN10164,INV20137,119598,09/25/2024,Lumpsum,249284,4985.68,,Haryana
TXN10165,INV20197,120586,02/21/2025,Sip,211045,4220.9,Approved,Maharashtra
TXN10166,INV20165,118632,2025-01-30,LUMP-SUM,75727,,Yes,Uttar Pradesh
TXN10167,INV20116,120465,10/29/2023,sip,59205,1184.1,Pending,Maharashtra
TXN10168,INV20107,119018,22/03/2025,Lumpsum,22392,447.84,Y,Gujarat
TXN10169,INV20239,119018,17-11-2024,Sip,-8240,0.0,Yes,Haryana
TXN10170,INV20115,120465,2023-01-11,SIP,219880,,done,Delhi
TXN10171,INV20199,120586,01/05/2024,sip,111054,2221.08,,Delhi
TXN10172,INV20029,118632,2026-05-07,LUMP-SUM,189362,,done,Maharashtra
TXN10173,INV20158,120586,05/07/2024,Sip,23443,468.86,Pending,Delhi
TXN10174,INV20245,120465,2026-01-19,redemption,12412,248.24,Pending,Uttar Pradesh
TXN10175,INV20192,119018,2025-01-01,Redemption,173255,3465.1,Pending,Karnataka
TXN10176,INV20012,120586,23/01/2026,Sip,180485,3609.7,,Karnataka
TXN10177,INV20208,119598,05/10/2023,SIP,12483,249.66,Y,Gujarat
TXN10178,INV20239,120586,11/21/2025,LUMP-SUM,10599,211.98,No,Uttar Pradesh
TXN10179,INV20092,119018,10/11/2024,sip,115544,2310.88,,West Bengal
TXN10180,INV20087,119598,10/13/2025,Redemption,137125,2742.5,N,West Bengal
TXN10181,INV20021,118632,18-05-2026,LUMP-SUM,27895,,Approved,Uttar Pradesh
TXN10182,INV20115,120465,22-05-2025,REDEMPTION,12103,242.06,Pending,Punjab
TXN10183,INV20112,120586,2023-04-28,redemption,211002,4220.04,Yes,Maharashtra
TXN10184,INV20037,120465,2025-06-16,Sip,205083,4101.66,Pending,West Bengal
TXN10185,INV20244,120465,08-03-2023,REDEMPTION,98521,1970.42,N,Punjab
TXN10186,INV20036,120465,01/21/2025,Redemption,66434,1328.68,Y,Karnataka
TXN10187,INV20128,120465,2025-03-03,lumpsum,185559,3711.18,Approved,Haryana
TXN10188,INV20052,119018,2023-10-05,REDEMPTION,188005,3760.1,N,Gujarat
TXN10189,INV20171,120586,13/05/2023,lumpsum,187596,3751.92,Yes,Gujarat
TXN10190,INV20131,119598,06-09-2023,Sip,130504,,Pending,Haryana
TXN10191,INV20206,120465,2023-09-23,sip,188939,3778.78,done,West Bengal
TXN10192,INV20211,120465,01-06-2023,Redemption,118958,2379.16,Pending,Karnataka
TXN10193,INV20225,120465,18-04-2026,Sip,239737,4794.74,N,Telangana
TXN10194,INV20040,120586,04-12-2023,Redemption,60105,1202.1,Approved,Delhi
TXN10195,INV20065,119598,02/02/2026,Sip,162068,3241.36,Yes,Punjab
TXN10196,INV20242,120465,12-11-2023,Redemption,148749,,Y,Delhi
TXN10197,INV20012,120152,27/03/2026,Lumpsum,110205,2204.1,Y,Haryana
TXN10198,INV20228,120152,22/01/2026,lumpsum,211944,4238.88,done,Uttar Pradesh
TXN10199,INV20117,119018,03-05-2023,REDEMPTION,122750,2455.0,Yes,Gujarat
TXN10200,INV20221,120152,15/10/2024,redemption,98134,1962.68,N,Gujarat
TXN10201,INV20062,118632,08/09/2023,REDEMPTION,26378,,done,Punjab
TXN10202,INV20108,119598,24/11/2023,Redemption,42770,855.4,,Haryana
TXN10203,INV20226,120586,2025-10-15,sip,133499,2669.98,No,Tamil Nadu
TXN10204,INV20150,120586,2023-04-10,lumpsum,232299,4645.98,,Uttar Pradesh
TXN10205,INV20138,119018,08/09/2023,Sip,191711,3834.22,done,Gujarat
TXN10206,INV20012,118632,15-04-2023,Redemption,20275,405.5,,Telangana
TXN10207,INV20072,120465,2026-06-05,Sip,104259,2085.18,Pending,Telangana
TXN10208,INV20241,120586,23-10-2023,LUMP-SUM,11552,,Yes,Gujarat
TXN10209,INV20206,118632,11/29/2025,Sip,136136,,Pending,Karnataka
TXN10210,INV20101,120465,04/09/2024,LUMP-SUM,140549,2810.98,Approved,Haryana
TXN10211,INV20209,119018,24/01/2025,sip,154014,3080.28,Y,Punjab
TXN10212,INV20122,120586,30-03-2026,SIP,45698,913.96,done,Karnataka
TXN10213,INV20211,120152,2024-05-11,sip,116615,2332.3,Yes,West Bengal
TXN10214,INV20177,119598,04/20/2025,SIP,136969,2739.38,Pending,Haryana
TXN10215,INV20135,118632,04-10-2024,REDEMPTION,90738,1814.76,Approved,Punjab
TXN10216,INV20124,119598,19/05/2024,LUMP-SUM,247804,4956.08,Approved,Uttar Pradesh
TXN10217,INV20181,119598,28/09/2025,REDEMPTION,245763,4915.26,Approved,Uttar Pradesh
TXN10218,INV20032,120465,01/17/2026,redemption,203654,4073.08,Approved,Maharashtra
TXN10219,INV20074,120152,11/06/2023,REDEMPTION,196910,3938.2,No,Telangana
TXN10220,INV20070,120465,10-07-2024,sip,154834,3096.68,Y,Telangana
TXN10221,INV20058,120152,2024-04-21,sip,189051,3781.02,Yes,Maharashtra
TXN10222,INV20247,120465,11/20/2023,REDEMPTION,53286,1065.72,Approved,Gujarat
TXN10223,INV20074,120152,2023-05-02,Lumpsum,190560,3811.2,Y,Karnataka
TXN10224,INV20107,119598,03/16/2023,REDEMPTION,197346,3946.92,Approved,Maharashtra
TXN10225,INV20003,120586,2026-03-09,Redemption,169116,3382.32,,Karnataka
TXN10226,INV20218,120465,16/08/2025,Lumpsum,87686,,,Uttar Pradesh
TXN10227,INV20184,119598,29/01/2023,lumpsum,199517,,done,West Bengal
TXN10228,INV20132,120586,06/27/2023,sip,37860,757.2,No,Maharashtra
TXN10229,INV20067,118632,04/27/2024,lumpsum,80153,1603.06,Y,Uttar Pradesh
TXN10230,INV20168,120586,2024-04-28,sip,42868,857.36,Approved,Delhi
TXN10231,INV20164,120586,22-01-2025,Lumpsum,126352,,Pending,West Bengal
TXN10232,INV20180,120465,22-08-2025,Lumpsum,157189,3143.78,N,Telangana
TXN10233,INV20115,120465,2025-01-10,sip,144562,2891.24,No,Punjab
TXN10234,INV20138,119598,03/12/2023,LUMP-SUM,179335,3586.7,,Delhi
TXN10235,INV20231,120465,2025-07-01,REDEMPTION,109901,2198.02,Y,Telangana
TXN10236,INV20119,120152,2024-09-23,redemption,1790,35.8,N,Maharashtra
TXN10237,INV20109,120586,2023-05-11,sip,124750,,done,Karnataka
TXN10238,INV20197,119598,10/05/2025,redemption,241416,4828.32,done,Delhi
TXN10239,INV20175,120152,09-01-2026,Redemption,141839,2836.78,Yes,Tamil Nadu
TXN10240,INV20214,119018,16/02/2023,REDEMPTION,143723,2874.46,done,Tamil Nadu
TXN10241,INV20064,118632,09-12-2024,lumpsum,230430,4608.6,N,Maharashtra
TXN10242,INV20208,120152,2025-05-08,Lumpsum,27449,548.98,,Punjab
TXN10243,INV20173,120152,10-04-2023,SIP,62430,1248.6,Y,Karnataka
TXN10244,INV20129,120586,24/04/2024,Redemption,230705,,No,West Bengal
TXN10245,INV20077,120586,05-05-2023,redemption,13290,265.8,done,Telangana
TXN10246,INV20082,120152,05/02/2025,Sip,49202,984.04,,Tamil Nadu
TXN10247,INV20218,119598,07-09-2024,REDEMPTION,148426,2968.52,done,Telangana
TXN10248,INV20136,119598,06-03-2025,lumpsum,170530,,,Gujarat
TXN10249,INV20024,120465,2024-01-26,lumpsum,159589,3191.78,N,Tamil Nadu
TXN10250,INV20206,120465,18-02-2026,REDEMPTION,238773,4775.46,Y,Tamil Nadu
TXN10251,INV20240,119598,08/29/2023,Lumpsum,185488,3709.76,No,Telangana
TXN10252,INV20083,120586,02/18/2025,LUMP-SUM,81851,1637.02,,Haryana
TXN10253,INV20026,120152,19/08/2025,Lumpsum,109509,,No,Karnataka
TXN10254,INV20005,120586,02/07/2026,lumpsum,87472,1749.44,No,Haryana
TXN10255,INV20141,120152,22/11/2024,REDEMPTION,169216,3384.32,,Karnataka
TXN10256,INV20188,120586,13-12-2023,LUMP-SUM,241359,4827.18,Y,Telangana
TXN10257,INV20009,119018,2023-04-10,redemption,166334,3326.68,Yes,Maharashtra
TXN10258,INV20056,120465,22/07/2025,SIP,175785,3515.7,,Haryana
TXN10259,INV20005,119018,12/25/2025,SIP,0,0.0,Approved,Maharashtra
TXN10260,INV20129,120152,31-05-2025,sip,138464,,No,Punjab
TXN10261,INV20135,120586,26/12/2024,redemption,107437,2148.74,No,Tamil Nadu
TXN10262,INV20077,120152,2023-06-15,sip,99872,1997.44,Y,Maharashtra
TXN10263,INV20180,119598,06/19/2023,redemption,87840,1756.8,N,Telangana
TXN10264,INV20236,119018,15-04-2024,REDEMPTION,243262,,Approved,Telangana
TXN10265,INV20145,120152,09-03-2023,Redemption,0,0.0,Yes,West Bengal
TXN10266,INV20238,119018,04-09-2024,Lumpsum,223676,4473.52,Pending,West Bengal
TXN10267,INV20194,120152,2023-10-14,LUMP-SUM,91664,,done,Tamil Nadu
TXN10268,INV20215,119018,11/28/2024,Redemption,-4978,0.0,,Haryana
TXN10269,INV20059,120586,02/06/2026,redemption,154583,3091.66,N,Punjab
TXN10270,INV20076,119598,2023-05-31,lumpsum,187561,3751.22,Yes,West Bengal
TXN10271,INV20082,120586,2023-08-07,SIP,117584,2351.68,Approved,Delhi
TXN10272,INV20034,119018,01/19/2024,REDEMPTION,135333,2706.66,Y,Delhi
TXN10273,INV20091,120465,10/07/2023,redemption,0,0.0,N,Telangana
TXN10274,INV20232,119598,17-03-2026,redemption,71495,1429.9,,Karnataka
TXN10275,INV20017,119598,09/06/2025,redemption,206171,,Approved,Tamil Nadu
TXN10276,INV20185,120152,12-10-2025,REDEMPTION,80864,,done,Gujarat
TXN10277,INV20216,120465,17/02/2025,REDEMPTION,214772,4295.44,Yes,Uttar Pradesh
TXN10278,INV20083,120465,02/16/2024,Redemption,105396,2107.92,Approved,Haryana
TXN10279,INV20248,120465,11/05/2024,redemption,207010,4140.2,N,Punjab
TXN10280,INV20052,120465,22-01-2026,LUMP-SUM,-8063,0.0,No,Haryana
TXN10281,INV20205,120586,05/22/2023,REDEMPTION,80385,1607.7,Yes,West Bengal
TXN10282,INV20203,118632,06/01/2023,REDEMPTION,141081,2821.62,done,Telangana
TXN10283,INV20010,120586,2026-01-04,sip,173386,3467.72,Yes,Punjab
TXN10284,INV20012,120465,29/03/2025,redemption,26849,536.98,No,Haryana
TXN10285,INV20096,118632,06-08-2025,Redemption,127555,,done,Delhi
TXN10286,INV20030,120152,18/10/2023,lumpsum,206591,4131.82,,Gujarat
TXN10287,INV20122,119018,06/16/2025,Redemption,12713,254.26,N,Maharashtra
TXN10288,INV20218,120586,12-08-2023,Lumpsum,145679,,done,Haryana
TXN10289,INV20060,118632,13-01-2024,redemption,194301,3886.02,No,Haryana
TXN10290,INV20152,118632,2025-03-07,Lumpsum,198217,3964.34,N,Punjab
TXN10291,INV20027,120465,18/01/2024,Redemption,30872,617.44,,Telangana
TXN10292,INV20248,120152,10/03/2024,redemption,92206,1844.12,,Punjab
TXN10293,INV20045,120152,2024-09-01,Sip,63540,1270.8,Yes,Gujarat
TXN10294,INV20178,119598,11/12/2025,redemption,151681,3033.62,Yes,Haryana
TXN10295,INV20163,120465,21-12-2023,REDEMPTION,50046,1000.92,,Punjab
TXN10296,INV20014,120586,01/20/2023,Sip,101648,2032.96,,West Bengal
TXN10297,INV20176,118632,05/01/2025,REDEMPTION,149215,,No,Uttar Pradesh
TXN10298,INV20009,120586,05/04/2024,Sip,149281,2985.62,,Telangana
TXN10299,INV20131,119018,2026-03-18,lumpsum,216818,4336.36,Y,Haryana
TXN10300,INV20140,119598,2025-05-20,Lumpsum,9449,188.98,Pending,Delhi
TXN10301,INV20113,119018,30-04-2024,Redemption,160976,3219.52,Yes,Punjab
TXN10302,INV20036,119598,2024-02-28,Redemption,157462,3149.24,Pending,Uttar Pradesh
TXN10303,INV20075,120465,2024-07-01,Sip,206964,4139.28,Y,Uttar Pradesh
TXN10304,INV20222,120152,17-09-2023,Lumpsum,85435,1708.7,done,Haryana
TXN10305,INV20037,120465,07/04/2024,redemption,167101,3342.02,N,West Bengal
TXN10306,INV20132,120152,23/07/2024,REDEMPTION,86796,1735.92,N,Haryana
TXN10307,INV20163,120152,2025-01-03,LUMP-SUM,113628,2272.56,,Uttar Pradesh
TXN10308,INV20083,120586,22-11-2024,REDEMPTION,235397,4707.94,Y,Maharashtra
TXN10309,INV20026,120152,2025-07-30,sip,42414,848.28,Y,West Bengal
TXN10310,INV20052,120152,28/09/2023,Sip,230794,4615.88,Pending,Uttar Pradesh
TXN10311,INV20022,120586,2023-12-05,redemption,191313,3826.26,No,West Bengal
TXN10312,INV20168,119018,2023-07-14,Lumpsum,35786,715.72,,Maharashtra
TXN10313,INV20003,120152,2024-12-04,redemption,126226,,done,Delhi
TXN10314,INV20188,119018,31/07/2023,Redemption,36947,738.94,Yes,Karnataka
TXN10315,INV20018,120465,2026-02-27,Sip,190381,3807.62,Yes,West Bengal
TXN10316,INV20158,120152,25-06-2025,sip,37703,754.06,done,Gujarat
TXN10317,INV20247,118632,06-10-2024,Lumpsum,23085,461.7,Approved,Maharashtra
TXN10318,INV20218,120152,09-09-2024,LUMP-SUM,50452,1009.04,Approved,Maharashtra
TXN10319,INV20201,119598,10/10/2025,sip,168269,3365.38,Y,Gujarat
TXN10320,INV20240,120586,09/28/2023,redemption,180029,,,Delhi
TXN10321,INV20005,120465,2023-05-19,lumpsum,242848,,done,Telangana
TXN10322,INV20074,120152,10/23/2025,redemption,22607,452.14,Yes,Uttar Pradesh
TXN10323,INV20022,120586,11-06-2023,Sip,103427,2068.54,N,Uttar Pradesh
TXN10324,INV20179,118632,2024-05-03,Lumpsum,114897,,Y,Uttar Pradesh
TXN10325,INV20171,120152,2023-12-26,SIP,184893,,,Gujarat
TXN10326,INV20134,120465,14-06-2024,Redemption,205766,4115.32,N,Maharashtra
TXN10327,INV20086,118632,2024-07-11,lumpsum,152165,3043.3,,Haryana
TXN10328,INV20131,120586,04/24/2023,Sip,67877,1357.54,N,Tamil Nadu
TXN10329,INV20190,120465,2023-01-06,SIP,124670,2493.4,Yes,Karnataka
TXN10330,INV20239,119018,02/06/2026,Lumpsum,110119,2202.38,Pending,Uttar Pradesh
TXN10331,INV20212,119018,16/03/2026,sip,237438,,No,Telangana
TXN10332,INV20012,118632,05/22/2023,lumpsum,82447,1648.94,,Maharashtra
TXN10333,INV20095,119598,20/08/2024,Lumpsum,156108,3122.16,No,Telangana
TXN10334,INV20195,119598,2023-11-05,redemption,-9372,0.0,Y,Gujarat
TXN10335,INV20001,120152,09/02/2025,sip,63434,1268.68,Y,Karnataka
TXN10336,INV20183,120586,2023-07-10,Lumpsum,137251,2745.02,Pending,Haryana
TXN10337,INV20250,120152,2023-06-23,LUMP-SUM,215948,4318.96,Y,West Bengal
TXN10338,INV20170,119598,29/04/2024,lumpsum,243756,4875.12,Pending,Gujarat
TXN10339,INV20116,120586,2024-04-23,Lumpsum,202889,4057.78,Yes,Delhi
TXN10340,INV20043,118632,12/08/2025,redemption,94922,1898.44,No,Haryana
TXN10341,INV20079,118632,2024-06-26,sip,180845,3616.9,Y,Tamil Nadu
TXN10342,INV20214,120586,2023-10-31,Lumpsum,104873,2097.46,Approved,Uttar Pradesh
TXN10343,INV20210,119598,03/05/2023,REDEMPTION,145210,2904.2,,Delhi
TXN10344,INV20206,119598,2023-09-06,SIP,59271,,done,Gujarat
TXN10345,INV20176,120152,22/06/2023,sip,-1556,,,Karnataka
TXN10346,INV20024,120586,2023-09-08,REDEMPTION,243255,4865.1,done,Haryana
TXN10347,INV20008,118632,23-05-2025,Redemption,50060,1001.2,,Karnataka
TXN10348,INV20009,120465,18/05/2024,REDEMPTION,145359,2907.18,N,Uttar Pradesh
TXN10349,INV20099,119598,08-05-2025,LUMP-SUM,211283,4225.66,Y,West Bengal
TXN10350,INV20201,120152,01/05/2025,LUMP-SUM,91186,1823.72,Pending,West Bengal
TXN10351,INV20070,119598,23/02/2023,Lumpsum,-5102,,,Telangana
TXN10352,INV20092,120465,21-04-2024,sip,64216,1284.32,Y,Tamil Nadu
TXN10353,INV20148,118632,27-12-2024,Sip,84362,1687.24,Pending,Punjab
TXN10354,INV20008,120152,21-12-2024,Lumpsum,213441,4268.82,,Telangana
TXN10355,INV20080,119598,2025-10-01,sip,158722,3174.44,,Maharashtra
TXN10356,INV20085,120465,17-02-2024,Redemption,241852,4837.04,Pending,Maharashtra
TXN10357,INV20006,119598,16-04-2026,sip,226619,4532.38,N,Gujarat
TXN10358,INV20181,120152,2025-03-21,Redemption,36769,735.38,done,Haryana
TXN10359,INV20167,120586,23/12/2023,Lumpsum,214504,,Approved,Uttar Pradesh
TXN10360,INV20033,119598,01/04/2023,SIP,84418,1688.36,No,Punjab
TXN10361,INV20027,118632,16/10/2023,sip,84759,,N,Gujarat
TXN10362,INV20115,119018,27-06-2024,Lumpsum,92876,1857.52,N,Maharashtra
TXN10363,INV20013,118632,06/16/2025,Sip,130258,2605.16,Pending,Telangana
TXN10364,INV20097,119018,08-09-2025,Sip,210504,4210.08,Approved,Maharashtra
TXN10365,INV20082,120586,2023-08-03,Redemption,99424,,N,Telangana
TXN10366,INV20242,119018,11/23/2024,SIP,172346,,done,Karnataka
TXN10367,INV20014,119018,09-11-2024,Lumpsum,146257,2925.14,Approved,Uttar Pradesh
TXN10368,INV20077,119598,2023-07-16,redemption,221162,4423.24,Y,Gujarat
TXN10369,INV20001,118632,29/06/2023,REDEMPTION,7746,154.92,Approved,Delhi
TXN10370,INV20122,119018,09/23/2024,REDEMPTION,174287,3485.74,done,Karnataka
TXN10371,INV20095,118632,26-01-2025,REDEMPTION,116275,2325.5,No,Uttar Pradesh
TXN10372,INV20145,119018,2023-11-06,sip,212859,4257.18,No,Telangana
TXN10373,INV20016,118632,12/06/2025,LUMP-SUM,246461,4929.22,No,Haryana
TXN10374,INV20077,119018,2025-03-19,LUMP-SUM,136480,2729.6,Yes,Delhi
TXN10375,INV20244,118632,21-12-2023,Lumpsum,34078,,N,West Bengal
TXN10376,INV20052,120152,30/10/2023,Redemption,240645,4812.9,N,West Bengal
TXN10377,INV20143,118632,04/02/2026,lumpsum,241428,4828.56,done,Delhi
TXN10378,INV20107,119598,2023-10-31,sip,27474,549.48,Pending,West Bengal
TXN10379,INV20068,118632,09/21/2025,SIP,106637,,done,Maharashtra
TXN10380,INV20102,120586,2024-05-01,REDEMPTION,236151,4723.02,Pending,Uttar Pradesh
TXN10381,INV20080,120586,2025-10-03,Lumpsum,195962,3919.24,Pending,Uttar Pradesh
TXN10382,INV20187,118632,2026-05-23,Lumpsum,240450,4809.0,,Telangana
TXN10383,INV20223,120586,26-04-2023,sip,133853,2677.06,Y,Karnataka
TXN10384,INV20050,119598,29-04-2023,SIP,241656,4833.12,No,Uttar Pradesh
TXN10385,INV20095,118632,10/31/2025,sip,64422,1288.44,,Karnataka
TXN10386,INV20246,118632,16/04/2026,Redemption,235485,4709.7,N,Uttar Pradesh
TXN10387,INV20008,118632,12-04-2023,Lumpsum,170706,3414.12,No,Uttar Pradesh
TXN10388,INV20167,118632,2025-11-17,SIP,35685,713.7,Y,Tamil Nadu
TXN10389,INV20065,120465,17/09/2024,redemption,224238,4484.76,Approved,Tamil Nadu
TXN10390,INV20120,120586,12/02/2025,sip,0,0.0,Pending,Telangana
TXN10391,INV20166,120465,01/06/2026,lumpsum,127284,,Approved,Gujarat
TXN10392,INV20221,120586,18/06/2024,Lumpsum,201664,4033.28,Y,Punjab
TXN10393,INV20104,120152,16-10-2024,SIP,78490,1569.8,done,West Bengal
TXN10394,INV20100,120152,14-03-2023,Redemption,59291,1185.82,,Gujarat
TXN10395,INV20130,120586,15-12-2023,lumpsum,34539,690.78,Yes,Gujarat
TXN10396,INV20168,119018,31/03/2024,Lumpsum,81500,1630.0,Pending,Gujarat
TXN10397,INV20067,120465,08/25/2024,sip,228119,4562.38,N,Haryana
TXN10398,INV20228,119598,2025-10-21,redemption,109293,,Yes,Karnataka
TXN10399,INV20052,120586,04/18/2025,Sip,188608,,N,Haryana
TXN10400,INV20086,120152,29/12/2023,SIP,0,0.0,Yes,Punjab
TXN10401,INV20196,119598,2025-09-29,Sip,167064,3341.28,done,Haryana
TXN10402,INV20099,119018,19-03-2023,Redemption,234834,4696.68,No,Maharashtra
TXN10403,INV20174,119018,24-05-2024,Redemption,27924,558.48,Approved,Karnataka
TXN10404,INV20017,119018,02/09/2024,REDEMPTION,157334,3146.68,done,Karnataka
TXN10405,INV20088,118632,05-01-2025,Sip,241702,4834.04,Y,Tamil Nadu
TXN10406,INV20058,120152,26-09-2023,SIP,45298,,Y,West Bengal
TXN10407,INV20225,120152,2024-06-07,SIP,172328,3446.56,Y,Delhi
TXN10408,INV20107,118632,2025-02-17,LUMP-SUM,184990,,Y,Uttar Pradesh
TXN10409,INV20108,120152,26/07/2023,Sip,236568,,N,Uttar Pradesh
TXN10410,INV20030,119018,16-10-2025,Lumpsum,218972,4379.44,No,Gujarat
TXN10411,INV20181,118632,27-08-2024,SIP,239644,4792.88,,Gujarat
TXN10412,INV20061,119018,2023-01-27,sip,176380,3527.6,N,Telangana
TXN10413,INV20020,120152,27/07/2023,Lumpsum,78600,1572.0,Y,Delhi
TXN10414,INV20209,119598,22/03/2023,Redemption,82974,1659.48,N,Delhi
TXN10415,INV20218,119018,20-01-2023,Sip,235495,4709.9,Approved,Delhi
TXN10416,INV20096,120586,2024-01-10,redemption,120678,2413.56,done,Haryana
TXN10417,INV20205,118632,2023-12-08,Sip,16373,327.46,Yes,Delhi
TXN10418,INV20107,120465,09/15/2025,Sip,205253,4105.06,Y,Karnataka
TXN10419,INV20124,118632,08/20/2023,REDEMPTION,69580,1391.6,Y,Telangana
TXN10420,INV20197,120152,26-03-2026,Redemption,181418,3628.36,N,West Bengal
TXN10421,INV20170,120152,05/24/2024,Redemption,169140,3382.8,Y,Maharashtra
TXN10422,INV20165,119598,11/01/2025,REDEMPTION,20625,412.5,Pending,Tamil Nadu
TXN10423,INV20085,120586,14-04-2023,LUMP-SUM,106716,2134.32,N,Haryana
TXN10424,INV20114,120465,2025-07-06,REDEMPTION,32118,642.36,Y,Delhi
TXN10425,INV20104,118632,2023-03-15,sip,163284,3265.68,No,Haryana
TXN10426,INV20244,120586,2025-01-14,Lumpsum,88024,1760.48,,Gujarat
TXN10427,INV20184,118632,2023-08-22,Lumpsum,0,0.0,Approved,Telangana
TXN10428,INV20134,120586,2023-08-06,Sip,216440,4328.8,done,Delhi
TXN10429,INV20066,120465,06-02-2024,sip,103995,2079.9,No,Gujarat
TXN10430,INV20028,118632,2023-04-06,REDEMPTION,155485,3109.7,Yes,Haryana
TXN10431,INV20002,120465,04/10/2023,REDEMPTION,205755,4115.1,Yes,Punjab
TXN10432,INV20045,120152,2023-09-20,redemption,159901,3198.02,done,West Bengal
TXN10433,INV20156,120152,23/05/2024,redemption,78115,1562.3,Yes,Karnataka
TXN10434,INV20106,120465,15/11/2025,LUMP-SUM,187613,3752.26,No,Tamil Nadu
TXN10435,INV20054,120465,18/08/2024,Sip,171416,3428.32,Yes,Telangana
TXN10436,INV20139,120152,2024-10-22,Redemption,153779,3075.58,done,Telangana
TXN10437,INV20074,118632,2023-01-27,SIP,14910,298.2,No,Uttar Pradesh
TXN10438,INV20193,119598,09/08/2024,Sip,182035,3640.7,No,Telangana
TXN10439,INV20009,120586,2025-07-15,LUMP-SUM,195619,3912.38,done,Tamil Nadu
TXN10440,INV20131,120152,2024-08-12,redemption,207598,4151.96,Pending,Telangana
TXN10441,INV20014,119018,29-05-2024,REDEMPTION,239940,4798.8,Pending,Punjab
TXN10442,INV20140,120152,20-05-2026,Lumpsum,47511,950.22,N,Karnataka
TXN10443,INV20247,119598,2025-11-18,redemption,74167,1483.34,Yes,Karnataka
TXN10444,INV20150,120586,12/01/2023,REDEMPTION,41581,,Pending,Punjab
TXN10445,INV20014,120152,14/06/2026,REDEMPTION,145221,2904.42,Pending,Telangana
TXN10446,INV20057,119598,2025-12-02,LUMP-SUM,143365,2867.3,N,Gujarat
TXN10447,INV20057,119598,10/11/2024,Redemption,198304,3966.08,,Telangana
TXN10448,INV20211,120152,2023-01-19,Redemption,238108,4762.16,No,Maharashtra
TXN10449,INV20175,120586,2025-02-20,redemption,190785,3815.7,Pending,Telangana
TXN10450,INV20206,120465,07/01/2025,SIP,171794,,N,Delhi
TXN10451,INV20043,120465,2025-12-28,sip,166023,3320.46,done,Delhi
TXN10452,INV20053,120465,2025-06-10,Sip,-5934,,N,Maharashtra
TXN10453,INV20046,120586,2026-02-16,Lumpsum,107858,2157.16,done,West Bengal
TXN10454,INV20081,119018,2025-03-08,LUMP-SUM,0,0.0,N,Punjab
TXN10455,INV20012,120152,29/05/2023,LUMP-SUM,207278,4145.56,N,Uttar Pradesh
TXN10456,INV20196,118632,02/20/2025,SIP,140845,2816.9,done,Telangana
TXN10457,INV20076,120152,23/10/2023,Redemption,3922,78.44,Yes,Delhi
TXN10458,INV20011,119018,03/18/2026,LUMP-SUM,23315,466.3,Pending,Tamil Nadu
TXN10459,INV20106,120152,15-11-2025,Sip,162712,3254.24,No,Delhi
TXN10460,INV20047,120152,2026-03-07,LUMP-SUM,145091,,N,Uttar Pradesh
TXN10461,INV20026,119598,04/04/2026,Redemption,176976,3539.52,N,Uttar Pradesh
TXN10462,INV20159,119018,01/02/2024,REDEMPTION,162570,3251.4,Yes,Punjab
TXN10463,INV20146,120586,10/09/2024,Sip,0,0.0,No,West Bengal
TXN10464,INV20071,120586,03/10/2023,REDEMPTION,95041,1900.82,,Telangana
TXN10465,INV20028,119598,2026-05-27,lumpsum,37700,754.0,No,Uttar Pradesh
TXN10466,INV20188,120152,2023-06-06,SIP,166577,,done,Punjab
TXN10467,INV20055,119018,03/02/2026,LUMP-SUM,142473,2849.46,Yes,Gujarat
TXN10468,INV20101,119598,22/04/2026,Sip,134801,,Pending,Telangana
TXN10469,INV20003,120152,04-05-2024,LUMP-SUM,42739,,Yes,Haryana
TXN10470,INV20241,120586,24-03-2023,REDEMPTION,70299,1405.98,Y,Tamil Nadu
TXN10471,INV20133,120586,03/05/2025,REDEMPTION,11460,229.2,Pending,Delhi
TXN10472,INV20181,120465,14/07/2024,LUMP-SUM,99739,1994.78,Pending,Punjab
TXN10473,INV20168,119018,24/11/2025,redemption,59431,1188.62,Pending,Gujarat
TXN10474,INV20125,118632,2026-05-22,LUMP-SUM,116316,,N,Telangana
TXN10475,INV20165,120586,09-03-2024,Sip,158816,3176.32,N,Tamil Nadu
TXN10476,INV20107,120586,08/21/2023,REDEMPTION,155872,,done,Maharashtra
TXN10477,INV20063,119018,19-09-2023,Sip,11273,225.46,Yes,Maharashtra
TXN10478,INV20043,120586,01/04/2024,SIP,191834,3836.68,Approved,Delhi
TXN10479,INV20056,118632,05/27/2026,REDEMPTION,218674,4373.48,Yes,Punjab
TXN10480,INV20211,119598,12/11/2025,Sip,90829,1816.58,N,Tamil Nadu
TXN10481,INV20097,118632,2023-09-28,SIP,226336,4526.72,done,Karnataka
TXN10482,INV20156,119018,12/30/2023,SIP,140311,2806.22,N,Delhi
TXN10483,INV20124,120152,2023-09-24,redemption,98092,1961.84,done,Tamil Nadu
TXN10484,INV20241,118632,19/02/2025,sip,67720,1354.4,No,Delhi
TXN10485,INV20073,120465,01/18/2026,lumpsum,186899,3737.98,Y,Punjab
TXN10486,INV20134,119018,2025-11-30,redemption,181293,3625.86,done,Gujarat
TXN10487,INV20028,119598,22/05/2025,lumpsum,112034,2240.68,Approved,West Bengal
TXN10488,INV20194,119598,04/26/2025,Sip,146466,2929.32,Approved,Punjab
TXN10489,INV20089,120152,26-03-2025,sip,118072,2361.44,Yes,Delhi
TXN10490,INV20055,120465,31/03/2025,LUMP-SUM,180454,3609.08,Yes,West Bengal
TXN10491,INV20247,120152,2023-01-11,Sip,158350,3167.0,N,Uttar Pradesh
TXN10492,INV20057,120586,2023-06-13,redemption,106026,2120.52,Approved,Punjab
TXN10493,INV20015,119598,10/09/2025,SIP,173198,3463.96,Approved,Tamil Nadu
TXN10494,INV20009,120465,11-11-2025,Sip,95303,1906.06,Y,Karnataka
TXN10495,INV20023,120586,29/03/2025,redemption,53510,1070.2,N,Delhi
TXN10496,INV20141,120586,19/02/2026,Redemption,73484,1469.68,No,Haryana
TXN10497,INV20239,118632,2026-03-23,lumpsum,133707,,N,Telangana
TXN10498,INV20076,120586,28/08/2023,LUMP-SUM,151704,3034.08,,West Bengal
TXN10499,INV20145,118632,13/05/2024,REDEMPTION,236018,4720.36,Y,Haryana
TXN10500,INV20030,120586,05/19/2023,Lumpsum,61274,1225.48,done,Gujarat
TXN10501,INV20133,120465,20/01/2023,Lumpsum,105577,2111.54,Pending,Delhi
TXN10502,INV20142,119598,02/09/2025,Redemption,151395,3027.9,No,Haryana
TXN10503,INV20189,119598,25-04-2024,lumpsum,54154,1083.08,Pending,Karnataka
TXN10504,INV20200,119018,2023-09-03,REDEMPTION,201342,4026.84,Y,Haryana
TXN10505,INV20096,120465,10/07/2024,lumpsum,201346,4026.92,Approved,West Bengal
TXN10506,INV20057,120465,2023-09-20,LUMP-SUM,126388,2527.76,Y,Telangana
TXN10507,INV20089,118632,12/24/2023,sip,121604,2432.08,Y,Maharashtra
TXN10508,INV20173,119598,2025-02-16,Redemption,226926,4538.52,Approved,Tamil Nadu
TXN10509,INV20069,118632,09/06/2026,Redemption,112134,2242.68,Pending,Gujarat
TXN10510,INV20219,118632,07/26/2024,Sip,151966,3039.32,N,Uttar Pradesh
TXN10511,INV20206,119598,02/11/2026,redemption,210725,4214.5,Yes,Haryana
TXN10512,INV20207,119018,12/28/2023,REDEMPTION,235165,4703.3,Pending,Haryana
TXN10513,INV20077,120586,2026-02-25,redemption,43819,,Approved,Haryana
TXN10514,INV20215,120152,07/17/2023,Redemption,95452,1909.04,Approved,Gujarat
TXN10515,INV20006,118632,06/09/2023,Lumpsum,171358,3427.16,Yes,Uttar Pradesh
TXN10516,INV20091,120586,11/11/2025,REDEMPTION,100895,2017.9,,Karnataka
TXN10517,INV20223,119598,11/21/2024,redemption,19702,,Pending,Tamil Nadu
TXN10518,INV20081,120586,19/08/2024,redemption,117627,2352.54,Pending,Punjab
TXN10519,INV20134,118632,27-04-2025,Sip,33778,675.56,Approved,Delhi
TXN10520,INV20054,119598,2025-03-24,sip,231343,4626.86,Y,Maharashtra
TXN10521,INV20198,118632,2025-12-09,sip,41704,,done,Uttar Pradesh
TXN10522,INV20059,119598,08/04/2024,Sip,220812,,Y,Gujarat
TXN10523,INV20221,120586,09/02/2025,LUMP-SUM,144797,2895.94,Yes,Punjab
TXN10524,INV20153,118632,03/01/2026,LUMP-SUM,140928,2818.56,Pending,Haryana
TXN10525,INV20139,119598,07/03/2023,lumpsum,69106,,Y,Maharashtra
TXN10526,INV20134,119598,05/12/2024,REDEMPTION,181294,3625.88,,Uttar Pradesh
TXN10527,INV20003,118632,22-08-2024,SIP,50432,1008.64,done,West Bengal
TXN10528,INV20064,119598,03/09/2025,Lumpsum,111687,2233.74,Approved,Uttar Pradesh
TXN10529,INV20167,120152,25/12/2025,redemption,18947,,Approved,Delhi
TXN10530,INV20164,118632,16/07/2025,REDEMPTION,6084,,Y,Karnataka
TXN10531,INV20249,119018,31/07/2024,Sip,191606,,N,Karnataka
TXN10532,INV20004,118632,20/03/2024,redemption,210574,4211.48,Pending,Haryana
TXN10533,INV20179,119018,2024-11-07,Sip,204332,4086.64,,Karnataka
TXN10534,INV20050,120586,2025-02-20,sip,188349,3766.98,,Tamil Nadu
TXN10535,INV20189,119018,02/12/2024,sip,55643,1112.86,Approved,Gujarat
TXN10536,INV20041,120152,2023-03-28,lumpsum,79332,,Y,Tamil Nadu
TXN10537,INV20250,119018,04/28/2024,Redemption,0,0.0,N,West Bengal
TXN10538,INV20203,119598,2023-01-19,REDEMPTION,41630,832.6,N,Tamil Nadu
TXN10539,INV20041,118632,07/07/2023,SIP,169971,,N,Karnataka
TXN10540,INV20125,119598,10/10/2024,REDEMPTION,6597,131.94,Pending,Karnataka
TXN10541,INV20065,119018,09/20/2025,LUMP-SUM,183724,3674.48,Yes,Telangana
TXN10542,INV20090,120586,17/08/2025,LUMP-SUM,140234,,Approved,Uttar Pradesh
TXN10543,INV20139,120586,2025-07-18,LUMP-SUM,49636,992.72,Pending,Punjab
TXN10544,INV20062,120586,05/10/2023,Lumpsum,131429,2628.58,Yes,Punjab
TXN10545,INV20073,120586,19/04/2025,sip,173724,,Yes,Karnataka
TXN10546,INV20224,119018,2024-02-18,REDEMPTION,9340,186.8,done,Haryana
TXN10547,INV20135,120465,23/04/2026,SIP,159847,3196.94,Y,Tamil Nadu
TXN10548,INV20168,118632,06/13/2023,SIP,195898,3917.96,done,Gujarat
TXN10549,INV20204,120152,30/04/2023,LUMP-SUM,19451,389.02,N,Tamil Nadu
TXN10550,INV20246,120465,2023-07-18,Lumpsum,50665,,No,Punjab
TXN10551,INV20161,119598,02/17/2026,sip,152142,3042.84,,West Bengal
TXN10552,INV20227,119018,08-12-2023,LUMP-SUM,89476,1789.52,,Gujarat
TXN10553,INV20232,120586,31/01/2026,Redemption,167000,3340.0,Pending,Punjab
TXN10554,INV20062,120465,22-01-2026,redemption,243783,4875.66,Pending,Haryana
TXN10555,INV20115,118632,2023-01-01,lumpsum,136688,,Approved,Maharashtra
TXN10556,INV20077,119598,15/03/2024,SIP,248292,4965.84,Approved,Telangana
TXN10557,INV20131,120465,14-03-2026,sip,-6327,,Approved,Gujarat
TXN10558,INV20228,120465,26-05-2024,lumpsum,25092,501.84,No,Delhi
TXN10559,INV20186,120586,15-09-2025,REDEMPTION,181773,3635.46,N,Punjab
TXN10560,INV20165,120586,03/18/2023,sip,242663,4853.26,Pending,West Bengal
TXN10561,INV20107,119018,2024-04-09,redemption,138463,,Yes,Gujarat
TXN10562,INV20129,120152,28-03-2024,SIP,103991,2079.82,N,Tamil Nadu
TXN10563,INV20111,120586,18-03-2025,Sip,125742,2514.84,Y,Telangana
TXN10564,INV20103,120586,06/24/2023,LUMP-SUM,183942,,Yes,Haryana
TXN10565,INV20144,119598,09/26/2025,Lumpsum,193850,3877.0,No,Delhi
TXN10566,INV20069,118632,2024-10-24,sip,112028,2240.56,No,Gujarat
TXN10567,INV20089,120465,19/02/2023,Sip,162538,3250.76,,Punjab
TXN10568,INV20038,118632,02-04-2023,Lumpsum,41892,837.84,N,Delhi
TXN10569,INV20190,119018,12-05-2024,lumpsum,0,0.0,N,Uttar Pradesh
TXN10570,INV20116,118632,16/02/2023,Lumpsum,56541,1130.82,Approved,Telangana
TXN10571,INV20124,120465,2023-10-17,redemption,174939,3498.78,Approved,Karnataka
TXN10572,INV20016,120586,16/02/2024,SIP,248772,,done,Uttar Pradesh
TXN10573,INV20170,120152,2025-01-07,SIP,232578,4651.56,No,West Bengal
TXN10574,INV20131,120152,23/07/2023,REDEMPTION,140345,,No,Telangana
TXN10575,INV20248,118632,2026-02-22,SIP,139783,2795.66,,West Bengal
TXN10576,INV20191,119598,07/02/2023,Redemption,80253,1605.06,Approved,Maharashtra
TXN10577,INV20161,120586,2025-03-03,LUMP-SUM,60135,,done,Karnataka
TXN10578,INV20023,120152,21-02-2025,redemption,41042,820.84,Approved,Punjab
TXN10579,INV20085,118632,15-01-2026,Lumpsum,153313,3066.26,No,Karnataka
TXN10580,INV20080,120152,08-12-2025,redemption,202863,,Yes,Gujarat
TXN10581,INV20018,120465,2025-12-27,Sip,231591,,Y,Gujarat
TXN10582,INV20226,118632,22/04/2025,REDEMPTION,216403,4328.06,Approved,Karnataka
TXN10583,INV20200,119598,07-08-2023,Sip,-4872,0.0,No,Punjab
TXN10584,INV20060,119598,23/02/2023,sip,125938,,,Gujarat
TXN10585,INV20048,118632,10/03/2025,Sip,60316,,Y,Uttar Pradesh
TXN10586,INV20244,118632,31-03-2024,Lumpsum,244034,4880.68,,Punjab
TXN10587,INV20126,120152,10/27/2024,Lumpsum,204480,,done,Gujarat
TXN10588,INV20101,120465,2026-03-17,LUMP-SUM,120773,2415.46,Y,Tamil Nadu
TXN10589,INV20133,120465,2025-03-21,LUMP-SUM,201582,4031.64,Y,Tamil Nadu
TXN10590,INV20075,118632,26/03/2025,lumpsum,111745,2234.9,Y,Telangana
TXN10591,INV20232,119598,08/07/2025,sip,30667,,Yes,West Bengal
TXN10592,INV20106,120586,2025-07-12,Sip,236042,4720.84,No,Haryana
TXN10593,INV20024,120586,25-10-2024,sip,186133,3722.66,Pending,Delhi
TXN10594,INV20135,120152,25-02-2025,redemption,12509,250.18,Pending,Punjab
TXN10595,INV20224,120152,04-11-2023,Sip,187658,,Approved,Uttar Pradesh
TXN10596,INV20187,118632,14-08-2024,sip,54176,,Approved,Maharashtra
TXN10597,INV20118,118632,2025-10-18,REDEMPTION,155366,3107.32,,West Bengal
TXN10598,INV20114,119018,2026-05-16,Lumpsum,73905,1478.1,No,Maharashtra
TXN10599,INV20048,119598,23/04/2023,SIP,9501,190.02,Approved,Gujarat
TXN10600,INV20236,119018,2023-04-11,redemption,43293,865.86,Yes,Haryana
TXN10601,INV20192,120465,2025-01-07,sip,85625,1712.5,done,Delhi
TXN10602,INV20195,118632,2026-02-01,lumpsum,32987,659.74,Approved,Gujarat
TXN10603,INV20135,118632,10-12-2025,Lumpsum,29652,593.04,N,Haryana
TXN10604,INV20186,120152,23/05/2026,redemption,83965,1679.3,Pending,Karnataka
TXN10605,INV20158,120465,10/13/2025,REDEMPTION,232647,4652.94,Approved,Tamil Nadu
TXN10606,INV20001,119018,02/19/2023,sip,55350,1107.0,done,West Bengal
TXN10607,INV20012,120586,17-12-2024,SIP,181883,3637.66,N,Uttar Pradesh
TXN10608,INV20077,120465,31/01/2026,SIP,88368,1767.36,Y,Karnataka
TXN10609,INV20050,120586,11/23/2024,REDEMPTION,170253,,Yes,Haryana
TXN10610,INV20229,120465,11/17/2024,redemption,15685,313.7,Approved,Punjab
TXN10611,INV20186,120152,2024-10-08,Lumpsum,87958,1759.16,Pending,Delhi
TXN10612,INV20249,119598,2024-07-28,Redemption,165236,3304.72,Yes,Punjab
TXN10613,INV20156,118632,2024-01-19,lumpsum,83444,1668.88,Approved,West Bengal
TXN10614,INV20023,118632,01/05/2024,REDEMPTION,80332,1606.64,Approved,Karnataka
TXN10615,INV20029,120586,18-03-2023,sip,7536,150.72,Yes,Tamil Nadu
TXN10616,INV20088,118632,08/12/2025,Redemption,229536,,Yes,Tamil Nadu
TXN10617,INV20186,119018,07/29/2025,LUMP-SUM,82521,1650.42,N,Gujarat
TXN10618,INV20120,119018,31/07/2023,SIP,82826,1656.52,No,Gujarat
TXN10619,INV20052,119598,09/08/2024,LUMP-SUM,116635,2332.7,Approved,Karnataka
TXN10620,INV20041,120586,2023-08-23,LUMP-SUM,55153,1103.06,Pending,Uttar Pradesh
TXN10621,INV20037,120152,03-08-2024,Sip,161763,3235.26,,Maharashtra
TXN10622,INV20034,119018,2025-08-22,sip,23575,471.5,Yes,Punjab
TXN10623,INV20229,120465,02/07/2025,lumpsum,52943,1058.86,N,Haryana
TXN10624,INV20146,119598,07/10/2023,sip,180431,3608.62,,Haryana
TXN10625,INV20060,119598,22/10/2023,Redemption,184399,3687.98,Pending,Gujarat
TXN10626,INV20117,118632,2023-03-03,REDEMPTION,126475,2529.5,Yes,Uttar Pradesh
TXN10627,INV20197,120586,22-05-2026,LUMP-SUM,215316,4306.32,N,Gujarat
TXN10628,INV20143,120152,26/05/2023,LUMP-SUM,155805,3116.1,No,Telangana
TXN10629,INV20041,118632,2025-02-25,Redemption,182943,3658.86,done,Punjab
TXN10630,INV20202,120586,20-01-2026,Sip,21419,428.38,,Delhi
TXN10631,INV20152,120465,06/08/2025,LUMP-SUM,117710,,done,Delhi
TXN10632,INV20154,119018,05/06/2026,Redemption,174058,,No,Karnataka
TXN10633,INV20228,120465,01-01-2023,Sip,77415,1548.3,,Tamil Nadu
TXN10634,INV20053,120152,10/10/2024,lumpsum,246544,4930.88,Pending,Delhi
TXN10635,INV20150,119018,06/06/2026,Sip,17360,347.2,Y,Maharashtra
TXN10636,INV20181,120465,2025-01-05,lumpsum,62667,1253.34,done,Gujarat
TXN10637,INV20183,118632,04/11/2025,redemption,174667,,Yes,Tamil Nadu
TXN10638,INV20143,118632,01/07/2025,Sip,229782,4595.64,Yes,Maharashtra
TXN10639,INV20019,120152,02-02-2023,REDEMPTION,36592,,done,Haryana
TXN10640,INV20229,120152,05/22/2026,Sip,112181,2243.62,,West Bengal
TXN10641,INV20091,119598,01/16/2024,SIP,222984,4459.68,Approved,West Bengal
TXN10642,INV20238,120465,26/03/2026,SIP,149937,2998.74,Pending,Delhi
TXN10643,INV20149,118632,13-06-2023,LUMP-SUM,197760,3955.2,,Telangana
TXN10644,INV20021,120465,2026-06-03,Lumpsum,195428,3908.56,N,Telangana
TXN10645,INV20205,120465,2024-10-01,Redemption,3826,76.52,,Punjab
TXN10646,INV20188,120586,12/05/2025,lumpsum,10260,205.2,Approved,Punjab
TXN10647,INV20067,119018,27-08-2025,SIP,77481,1549.62,Y,Uttar Pradesh
TXN10648,INV20125,119018,2023-09-17,lumpsum,162427,3248.54,Approved,Maharashtra
TXN10649,INV20190,119018,21-05-2026,Sip,97932,1958.64,Approved,Tamil Nadu
TXN10650,INV20125,119598,2025-12-16,Redemption,39029,780.58,Yes,Haryana
TXN10651,INV20193,118632,23-02-2025,REDEMPTION,44852,897.04,Pending,Maharashtra
TXN10652,INV20165,120586,2023-08-26,Sip,125841,2516.82,No,West Bengal
TXN10653,INV20175,120152,03/09/2025,lumpsum,229138,4582.76,Approved,Haryana
TXN10654,INV20098,120152,2024-10-08,sip,168096,3361.92,done,Punjab
TXN10655,INV20236,120152,12/07/2024,lumpsum,26762,535.24,done,Haryana
TXN10656,INV20198,120152,10-05-2024,LUMP-SUM,181952,3639.04,Pending,Telangana
TXN10657,INV20003,120152,2023-01-18,SIP,138694,,,Gujarat
TXN10658,INV20057,120152,03/08/2024,Lumpsum,-2006,,No,Punjab
TXN10659,INV20164,119018,2023-09-03,Sip,201240,4024.8,Yes,Delhi
TXN10660,INV20179,119598,02/06/2024,REDEMPTION,20848,416.96,Approved,West Bengal
TXN10661,INV20178,120152,24/10/2024,Sip,73689,1473.78,done,West Bengal
TXN10662,INV20086,119018,12/06/2024,Sip,129901,2598.02,No,Punjab
TXN10663,INV20101,119598,2025-10-04,Sip,114050,2281.0,N,Haryana
TXN10664,INV20184,120586,2023-07-31,sip,191721,3834.42,,Maharashtra
TXN10665,INV20230,118632,2023-11-01,SIP,70844,,Pending,West Bengal
TXN10666,INV20148,119018,11/21/2025,REDEMPTION,222262,4445.24,N,Telangana
TXN10667,INV20058,119018,02/26/2025,sip,246115,4922.3,Pending,Uttar Pradesh
TXN10668,INV20103,119018,05/07/2023,LUMP-SUM,90145,,,Uttar Pradesh
TXN10669,INV20166,119598,2023-12-28,redemption,79347,1586.94,N,Gujarat
TXN10670,INV20125,119018,15-06-2025,Sip,-915,0.0,No,Haryana
TXN10671,INV20100,119018,12/01/2026,REDEMPTION,219693,4393.86,Y,Maharashtra
TXN10672,INV20087,119018,2024-11-22,redemption,212577,4251.54,,Telangana
TXN10673,INV20039,120152,01-04-2026,sip,-2819,0.0,Y,Haryana
TXN10674,INV20233,120465,04-04-2023,Sip,0,0.0,Approved,Delhi
TXN10675,INV20117,120465,2023-12-16,sip,156969,3139.38,No,Delhi
TXN10676,INV20206,119598,22/05/2025,redemption,180329,3606.58,Yes,Gujarat
TXN10677,INV20215,119598,04-04-2023,Redemption,72799,,done,Karnataka
TXN10678,INV20179,120586,07-02-2026,REDEMPTION,153564,,N,Punjab
TXN10679,INV20097,119598,02/02/2023,sip,0,,N,Punjab
TXN10680,INV20228,120586,05/02/2025,Sip,168726,3374.52,,West Bengal
TXN10681,INV20062,119598,2026-06-04,Sip,161445,3228.9,Approved,Gujarat
TXN10682,INV20108,119018,16-02-2026,Lumpsum,139988,2799.76,Pending,Telangana
TXN10683,INV20130,119598,08-08-2025,lumpsum,30538,610.76,,Haryana
TXN10684,INV20046,119598,2023-03-30,Redemption,114946,2298.92,,Maharashtra
TXN10685,INV20027,120152,18-04-2023,Sip,128155,2563.1,N,Tamil Nadu
TXN10686,INV20185,118632,28/04/2026,redemption,178432,3568.64,No,Delhi
TXN10687,INV20084,119598,20-07-2023,redemption,99443,1988.86,N,Haryana
TXN10688,INV20150,118632,04/22/2023,Sip,160759,3215.18,done,Gujarat
TXN10689,INV20035,118632,02/02/2024,lumpsum,34347,,Y,Uttar Pradesh
TXN10690,INV20035,119018,08/11/2025,redemption,91066,1821.32,Approved,Punjab
TXN10691,INV20041,120152,06-06-2026,LUMP-SUM,23668,473.36,,Tamil Nadu
TXN10692,INV20152,118632,05/08/2025,SIP,193984,3879.68,No,Gujarat
TXN10693,INV20112,120465,31-03-2024,SIP,12593,,,Telangana
TXN10694,INV20009,118632,12/23/2025,REDEMPTION,183623,3672.46,,Haryana
TXN10695,INV20062,119018,2026-02-17,redemption,35789,715.78,No,Delhi
TXN10696,INV20005,118632,16-09-2024,REDEMPTION,196896,3937.92,,Haryana
TXN10697,INV20198,119598,10-04-2025,Redemption,185523,3710.46,N,West Bengal
TXN10698,INV20229,120152,2024-11-12,lumpsum,71723,1434.46,No,Delhi
TXN10699,INV20159,120586,23/04/2023,SIP,96837,1936.74,Y,Gujarat
TXN10700,INV20094,119598,2026-02-18,LUMP-SUM,54664,,Pending,Tamil Nadu
TXN10701,INV20139,119018,06-09-2025,Lumpsum,236387,4727.74,done,Uttar Pradesh
TXN10702,INV20014,119018,02/02/2025,REDEMPTION,139066,2781.32,,Telangana
TXN10703,INV20174,120465,08/21/2024,Redemption,248821,4976.42,N,Tamil Nadu
TXN10704,INV20229,118632,2023-06-28,redemption,76595,1531.9,N,Delhi
TXN10705,INV20043,120586,18-08-2023,REDEMPTION,54544,1090.88,Y,Uttar Pradesh
TXN10706,INV20107,120152,13-01-2026,REDEMPTION,117355,2347.1,Y,Uttar Pradesh
TXN10707,INV20049,119018,15-02-2023,LUMP-SUM,108922,2178.44,Pending,Haryana
TXN10708,INV20152,120152,12/21/2025,REDEMPTION,35591,711.82,Approved,Karnataka
TXN10709,INV20203,120586,04/09/2024,Redemption,202785,4055.7,Yes,Gujarat
TXN10710,INV20073,118632,07-12-2023,LUMP-SUM,46969,939.38,Yes,Karnataka
TXN10711,INV20061,119018,26/03/2023,Sip,97907,,Y,Gujarat
TXN10712,INV20089,119598,02/02/2025,LUMP-SUM,140891,2817.82,Y,West Bengal
TXN10713,INV20239,118632,10/25/2023,Redemption,194592,3891.84,Pending,Uttar Pradesh
TXN10714,INV20122,120586,20-03-2026,REDEMPTION,30442,608.84,Y,Karnataka
TXN10715,INV20174,120465,28/08/2023,SIP,221430,4428.6,Pending,Delhi
TXN10716,INV20084,119018,30-05-2026,LUMP-SUM,246278,4925.56,No,Maharashtra
TXN10717,INV20022,120465,2025-07-01,LUMP-SUM,129572,2591.44,Y,Gujarat
TXN10718,INV20102,119598,25/05/2025,redemption,75619,1512.38,Approved,Haryana
TXN10719,INV20224,120465,29-06-2023,REDEMPTION,109949,2198.98,Approved,Karnataka
TXN10720,INV20207,120152,05/18/2025,Sip,157745,,No,Uttar Pradesh
TXN10721,INV20122,120465,2024-11-17,redemption,108337,2166.74,Approved,West Bengal
TXN10722,INV20045,120465,04-08-2025,Lumpsum,101078,2021.56,,Maharashtra
TXN10723,INV20211,120586,13/04/2026,REDEMPTION,122491,2449.82,Y,Karnataka
TXN10724,INV20068,120586,2025-08-25,lumpsum,129945,2598.9,No,Maharashtra
TXN10725,INV20031,120586,2025-10-06,Redemption,149261,2985.22,Approved,Haryana
TXN10726,INV20250,120152,02/09/2023,LUMP-SUM,5599,111.98,Yes,Punjab
TXN10727,INV20015,119598,10/16/2024,Sip,14864,297.28,done,Gujarat
TXN10728,INV20013,120586,2024-08-20,LUMP-SUM,165634,,N,Punjab
TXN10729,INV20193,119598,18/01/2026,Redemption,180560,3611.2,Approved,Gujarat
TXN10730,INV20025,120465,02/04/2026,Sip,0,0.0,Pending,Haryana
TXN10731,INV20106,120586,2023-11-30,Lumpsum,58963,1179.26,N,West Bengal
TXN10732,INV20118,119018,27-08-2023,SIP,82677,1653.54,Yes,Haryana
TXN10733,INV20228,120465,07/12/2025,Sip,8539,170.78,N,Tamil Nadu
TXN10734,INV20033,120152,19-10-2023,lumpsum,35135,702.7,done,Delhi
TXN10735,INV20020,119018,09/18/2025,SIP,9596,191.92,Y,Haryana
TXN10736,INV20031,120586,2023-03-30,lumpsum,198800,,N,Punjab
TXN10737,INV20053,120465,14-02-2024,Redemption,-2884,0.0,Approved,Punjab
TXN10738,INV20090,120586,25-11-2023,LUMP-SUM,26979,539.58,Y,Telangana
TXN10739,INV20056,120152,28/01/2024,Sip,141804,,N,Tamil Nadu
TXN10740,INV20236,120465,30/08/2025,Sip,29134,,Pending,West Bengal
TXN10741,INV20109,119598,19-11-2025,redemption,83386,,N,Telangana
TXN10742,INV20035,118632,09/01/2025,LUMP-SUM,22560,451.2,N,West Bengal
TXN10743,INV20073,118632,14/05/2026,REDEMPTION,107766,2155.32,done,Tamil Nadu
TXN10744,INV20220,119018,01/09/2025,Sip,0,0.0,N,West Bengal
TXN10745,INV20113,120465,2023-06-24,Sip,183199,3663.98,N,Karnataka
TXN10746,INV20017,120586,12/02/2024,Lumpsum,106981,,done,Haryana
TXN10747,INV20072,120152,06/04/2026,redemption,175765,3515.3,done,Haryana
TXN10748,INV20131,120586,10/29/2023,sip,129277,2585.54,Yes,Maharashtra
TXN10749,INV20026,120152,2023-04-19,REDEMPTION,47948,958.96,Pending,Karnataka
TXN10750,INV20078,120465,2023-07-17,LUMP-SUM,208809,4176.18,Approved,Haryana
TXN10751,INV20126,120465,19/06/2024,LUMP-SUM,201268,,done,Delhi
TXN10752,INV20099,118632,10/06/2024,REDEMPTION,9613,,Approved,Karnataka
TXN10753,INV20126,118632,03/10/2023,redemption,29673,593.46,,Telangana
TXN10754,INV20176,120465,03/17/2026,REDEMPTION,41975,839.5,done,Uttar Pradesh
TXN10755,INV20127,120465,12/02/2025,lumpsum,8378,167.56,Yes,Gujarat
TXN10756,INV20090,120152,2026-04-10,Redemption,113236,2264.72,Pending,West Bengal
TXN10757,INV20090,119018,15-05-2024,Lumpsum,156328,,N,Uttar Pradesh
TXN10758,INV20030,120586,2023-12-14,LUMP-SUM,121824,2436.48,done,Punjab
TXN10759,INV20132,118632,2024-06-30,REDEMPTION,83972,1679.44,done,Gujarat
TXN10760,INV20147,119018,2025-09-27,Lumpsum,132797,2655.94,Pending,Karnataka
TXN10761,INV20158,120586,01/14/2025,Lumpsum,223123,4462.46,N,Telangana
TXN10762,INV20055,120586,2024-06-27,lumpsum,106389,2127.78,N,Punjab
TXN10763,INV20025,120465,20/11/2024,sip,140215,2804.3,No,Gujarat
TXN10764,INV20204,119018,10/09/2024,redemption,83143,1662.86,done,Uttar Pradesh
TXN10765,INV20160,120465,17-07-2025,SIP,136325,2726.5,,Tamil Nadu
TXN10766,INV20170,120152,15/08/2025,LUMP-SUM,224549,4490.98,done,Punjab
TXN10767,INV20187,120152,03-05-2023,Redemption,64012,,Approved,West Bengal
TXN10768,INV20106,120586,12-05-2023,redemption,76247,1524.94,Approved,Punjab
TXN10769,INV20061,118632,2024-05-03,Sip,65379,1307.58,Approved,Haryana
TXN10770,INV20125,120465,06/12/2025,SIP,72489,,Approved,Uttar Pradesh
TXN10771,INV20169,120465,2023-12-27,REDEMPTION,15503,310.06,N,Gujarat
TXN10772,INV20155,120586,05/11/2023,Redemption,233186,,Yes,Tamil Nadu
TXN10773,INV20029,120465,2025-10-21,LUMP-SUM,153153,3063.06,Approved,Haryana
TXN10774,INV20227,119018,2024-05-02,Redemption,154177,3083.54,No,West Bengal
TXN10775,INV20056,119598,07-08-2023,Lumpsum,116205,2324.1,Y,Haryana
TXN10776,INV20137,120586,20/08/2023,LUMP-SUM,179975,3599.5,Approved,Karnataka
TXN10777,INV20093,118632,23/01/2025,SIP,238300,4766.0,Y,Tamil Nadu
TXN10778,INV20065,120465,26/02/2025,Redemption,180633,,No,Haryana
TXN10779,INV20100,119018,15/03/2025,lumpsum,216667,4333.34,Approved,Tamil Nadu
TXN10780,INV20221,119598,17/06/2025,redemption,72837,1456.74,,Haryana
TXN10781,INV20189,118632,11/12/2024,sip,184102,3682.04,N,Gujarat
TXN10782,INV20108,120465,26/01/2026,REDEMPTION,200747,,Yes,Haryana
TXN10783,INV20203,120152,2023-10-06,redemption,81097,1621.94,N,Delhi
TXN10784,INV20041,119598,23-11-2025,redemption,84728,1694.56,Yes,Uttar Pradesh
TXN10785,INV20045,120152,29/04/2026,lumpsum,109657,2193.14,done,West Bengal
TXN10786,INV20242,120465,2024-04-04,SIP,170635,3412.7,No,Delhi
TXN10787,INV20250,118632,11/02/2024,Sip,163006,3260.12,Approved,Karnataka
TXN10788,INV20023,120586,2023-12-15,SIP,115074,2301.48,,Haryana
TXN10789,INV20031,119598,21-02-2024,lumpsum,130543,2610.86,done,Tamil Nadu
TXN10790,INV20154,119598,02-08-2024,redemption,208739,,Approved,Uttar Pradesh
TXN10791,INV20061,120465,12-07-2025,Redemption,170668,3413.36,Y,Haryana
TXN10792,INV20035,120586,25-03-2025,redemption,193965,3879.3,N,Delhi
TXN10793,INV20143,119018,17/04/2023,Lumpsum,93878,1877.56,Y,Maharashtra
TXN10794,INV20065,120465,19/02/2025,redemption,35665,713.3,Y,Punjab
TXN10795,INV20046,120586,12/14/2023,Redemption,35581,,done,Karnataka
TXN10796,INV20067,119018,2024-10-03,Sip,219838,4396.76,Pending,West Bengal
TXN10797,INV20073,120586,09/06/2026,LUMP-SUM,235008,,,Karnataka
TXN10798,INV20143,120152,2025-06-20,Lumpsum,61256,,,Uttar Pradesh
TXN10799,INV20042,120152,08/14/2025,sip,244061,4881.22,,Gujarat
TXN10800,INV20182,120465,09/20/2025,REDEMPTION,189681,3793.62,N,Gujarat
TXN10801,INV20024,119598,04-08-2024,Sip,216632,4332.64,No,Punjab
TXN10802,INV20249,119018,13-12-2025,redemption,65528,1310.56,N,Gujarat
TXN10803,INV20007,120586,09/07/2023,Redemption,28805,576.1,Yes,Maharashtra
TXN10804,INV20021,118632,09/09/2025,lumpsum,2521,50.42,Y,Punjab
TXN10805,INV20244,118632,27-10-2024,Lumpsum,211123,4222.46,Pending,Maharashtra
TXN10806,INV20191,119018,01/25/2026,sip,47664,953.28,done,Delhi
TXN10807,INV20006,119598,11/30/2023,redemption,198278,3965.56,Yes,Delhi
TXN10808,INV20077,118632,04/06/2025,Sip,26195,523.9,No,Haryana
TXN10809,INV20115,118632,02/09/2025,redemption,111765,2235.3,Yes,West Bengal
TXN10810,INV20162,118632,2023-07-10,LUMP-SUM,122510,2450.2,Yes,Haryana
TXN10811,INV20135,120152,2025-12-10,lumpsum,21757,435.14,,Uttar Pradesh
TXN10812,INV20039,119598,07-09-2024,LUMP-SUM,150038,,N,Maharashtra
TXN10813,INV20132,119018,11/11/2025,redemption,174239,3484.78,Approved,Gujarat
TXN10814,INV20066,120465,2023-06-17,sip,122340,,Yes,West Bengal
TXN10815,INV20012,119018,02/05/2025,Redemption,120275,2405.5,,Punjab
TXN10816,INV20207,120586,30-11-2024,Lumpsum,196829,3936.58,Approved,Delhi
TXN10817,INV20112,120465,2023-02-06,redemption,46019,920.38,,West Bengal
TXN10818,INV20223,120152,05/17/2026,lumpsum,162675,3253.5,done,Uttar Pradesh
TXN10819,INV20023,119598,2023-10-04,Lumpsum,5164,103.28,No,Maharashtra
TXN10820,INV20054,118632,25-10-2023,redemption,225969,4519.38,No,Delhi
TXN10821,INV20078,118632,10/31/2023,redemption,-3221,0.0,,Haryana
TXN10822,INV20121,119018,09-07-2025,Lumpsum,218435,4368.7,Y,Gujarat
TXN10823,INV20003,119018,06/03/2025,REDEMPTION,157195,3143.9,Approved,Maharashtra
TXN10824,INV20125,118632,09/22/2025,Lumpsum,139492,,Pending,Telangana
TXN10825,INV20017,120586,05/04/2025,sip,247143,4942.86,,West Bengal
TXN10826,INV20006,119598,12-08-2024,REDEMPTION,61844,1236.88,Pending,Punjab
TXN10827,INV20219,120152,17-08-2025,lumpsum,103333,2066.66,Pending,Haryana
TXN10828,INV20205,119598,29/02/2024,sip,34841,,Yes,Punjab
TXN10829,INV20126,119018,05/01/2025,lumpsum,146969,,Y,Gujarat
TXN10830,INV20226,120586,01-01-2025,Sip,235476,4709.52,N,Gujarat
TXN10831,INV20111,119018,2024-04-09,LUMP-SUM,68586,1371.72,Pending,Maharashtra
TXN10832,INV20198,120465,01-07-2024,LUMP-SUM,28300,566.0,,Haryana
TXN10833,INV20247,119018,2023-08-05,LUMP-SUM,28632,,N,Tamil Nadu
TXN10834,INV20234,120586,18/11/2023,REDEMPTION,131650,2633.0,N,Karnataka
TXN10835,INV20166,120586,16-11-2024,sip,116109,2322.18,Y,Tamil Nadu
TXN10836,INV20214,118632,30/11/2024,LUMP-SUM,70734,1414.68,done,Gujarat
TXN10837,INV20162,120152,17-05-2024,LUMP-SUM,60816,,done,West Bengal
TXN10838,INV20236,118632,28/07/2025,SIP,202890,,N,Delhi
TXN10839,INV20087,120586,02-04-2025,redemption,200017,,Yes,Punjab
TXN10840,INV20015,120152,30/11/2025,redemption,179486,3589.72,Approved,Gujarat
TXN10841,INV20233,120586,17/01/2023,LUMP-SUM,39498,789.96,,Tamil Nadu
TXN10842,INV20228,120465,24/06/2025,redemption,231942,4638.84,Y,Telangana
TXN10843,INV20086,118632,16/09/2023,Lumpsum,145647,2912.94,Pending,Karnataka
TXN10844,INV20006,119018,10/01/2026,Lumpsum,80676,1613.52,N,Maharashtra
TXN10845,INV20216,120586,15/06/2024,sip,171645,3432.9,,Uttar Pradesh
TXN10846,INV20147,120152,01/11/2023,Redemption,212127,4242.54,No,Gujarat
TXN10847,INV20077,120586,19-03-2026,redemption,65915,,No,Gujarat
TXN10848,INV20117,119018,10/28/2023,redemption,17303,346.06,Yes,Haryana
TXN10849,INV20055,118632,09/06/2023,LUMP-SUM,147530,2950.6,done,Uttar Pradesh
TXN10850,INV20150,118632,05/17/2025,REDEMPTION,110293,2205.86,Yes,Telangana
TXN10851,INV20033,118632,26-07-2025,LUMP-SUM,31948,638.96,,Haryana
TXN10852,INV20009,120152,18/11/2023,sip,108117,,Pending,Punjab
TXN10853,INV20075,119018,06-12-2025,sip,99162,1983.24,,Maharashtra
TXN10854,INV20203,119598,10/19/2023,SIP,80996,1619.92,No,Karnataka
TXN10855,INV20210,120152,2025-09-28,sip,18711,374.22,done,Haryana
TXN10856,INV20147,120586,03/04/2026,Redemption,125578,2511.56,Yes,Karnataka
TXN10857,INV20130,120152,08/01/2025,REDEMPTION,191805,3836.1,done,West Bengal
TXN10858,INV20060,118632,2024-11-25,REDEMPTION,170323,,Yes,Maharashtra
TXN10859,INV20147,120152,2024-09-24,LUMP-SUM,163189,3263.78,Y,Punjab
TXN10860,INV20134,119598,2025-09-01,sip,140423,,Y,Uttar Pradesh
TXN10861,INV20202,119598,05/17/2024,sip,160083,3201.66,Y,Haryana
TXN10862,INV20221,119018,11/27/2024,Sip,226351,4527.02,done,Uttar Pradesh
TXN10863,INV20024,119018,23-07-2023,lumpsum,67992,1359.84,Yes,Uttar Pradesh
TXN10864,INV20244,118632,2023-12-13,Redemption,187987,,done,Delhi
TXN10865,INV20082,119598,25/04/2025,lumpsum,217987,4359.74,Y,Tamil Nadu
TXN10866,INV20062,120465,15-04-2026,REDEMPTION,133231,2664.62,N,Uttar Pradesh
TXN10867,INV20016,120586,08/09/2025,sip,107822,2156.44,Y,Uttar Pradesh
TXN10868,INV20142,120465,27-07-2023,LUMP-SUM,33917,678.34,done,Haryana
TXN10869,INV20022,120152,21-10-2025,Sip,45089,901.78,done,Telangana
TXN10870,INV20116,119018,01/03/2023,lumpsum,44878,,,Uttar Pradesh
TXN10871,INV20154,120586,17/02/2025,Lumpsum,134779,2695.58,Yes,Telangana
TXN10872,INV20145,119018,2024-09-07,redemption,218710,,Approved,West Bengal
TXN10873,INV20054,120465,30/10/2025,Redemption,198314,3966.28,Approved,Tamil Nadu
TXN10874,INV20170,120586,30-11-2024,REDEMPTION,87103,,Yes,Maharashtra
TXN10875,INV20156,118632,2023-01-09,Sip,235689,4713.78,,West Bengal
TXN10876,INV20138,119018,2023-06-08,REDEMPTION,93535,1870.7,done,Punjab
TXN10877,INV20092,118632,2023-12-29,sip,246431,,Y,Tamil Nadu
TXN10878,INV20191,119018,29/07/2024,Lumpsum,161810,3236.2,No,Tamil Nadu
TXN10879,INV20127,120586,17/03/2023,REDEMPTION,186327,3726.54,Y,Tamil Nadu
TXN10880,INV20211,120152,2025-03-22,lumpsum,130502,,No,Punjab
TXN10881,INV20173,120152,19-05-2026,sip,196552,,Approved,Punjab
TXN10882,INV20220,119598,07/12/2025,Lumpsum,7060,141.2,Approved,Telangana
TXN10883,INV20227,118632,01/05/2023,SIP,85672,1713.44,done,Uttar Pradesh
TXN10884,INV20032,120152,11/27/2025,REDEMPTION,199972,,No,Maharashtra
TXN10885,INV20072,118632,12/26/2025,Redemption,0,,N,Punjab
TXN10886,INV20207,119018,04/07/2024,sip,52610,,Approved,Delhi
TXN10887,INV20161,120152,2023-07-18,REDEMPTION,7297,145.94,Pending,Uttar Pradesh
TXN10888,INV20064,119018,27-08-2025,Redemption,216386,4327.72,No,Delhi
TXN10889,INV20199,120465,2025-06-17,REDEMPTION,23422,468.44,Y,West Bengal
TXN10890,INV20081,120152,14-05-2023,SIP,116846,,done,Delhi
TXN10891,INV20027,120152,2023-04-25,lumpsum,106298,,done,Tamil Nadu
TXN10892,INV20222,120465,01/22/2023,redemption,113225,2264.5,N,Gujarat
TXN10893,INV20167,120152,02/23/2023,LUMP-SUM,51457,,Y,Punjab
TXN10894,INV20183,119018,29-04-2026,Sip,68183,1363.66,,Punjab
TXN10895,INV20114,119598,12-05-2024,SIP,82701,1654.02,Pending,Uttar Pradesh
TXN10896,INV20150,120465,26-10-2023,REDEMPTION,90889,1817.78,Y,Telangana
TXN10897,INV20151,120152,2023-10-24,Lumpsum,219936,4398.72,Y,West Bengal
TXN10898,INV20089,119598,15-02-2024,sip,176075,3521.5,,Punjab
TXN10899,INV20178,120586,30/03/2026,lumpsum,43540,,Y,Haryana
TXN10900,INV20057,119018,01-04-2024,REDEMPTION,63657,1273.14,Pending,West Bengal
TXN10901,INV20053,118632,2024-01-13,Redemption,0,0.0,N,Karnataka
TXN10902,INV20075,118632,03/02/2024,SIP,53198,,Yes,Tamil Nadu
TXN10903,INV20227,120586,23/12/2023,LUMP-SUM,52376,,Approved,Delhi
TXN10904,INV20006,120152,10/09/2023,sip,56112,1122.24,No,Gujarat
TXN10905,INV20208,120586,12/17/2023,sip,232400,4648.0,No,Tamil Nadu
TXN10906,INV20137,118632,05/02/2025,redemption,65107,1302.14,No,Telangana
TXN10907,INV20076,119598,02-11-2024,SIP,74419,1488.38,,Tamil Nadu
TXN10908,INV20187,119018,2025-08-21,Sip,197950,3959.0,Pending,Haryana
TXN10909,INV20133,118632,02/01/2024,Redemption,127693,2553.86,,Haryana
TXN10910,INV20069,120465,2025-04-01,Lumpsum,54215,1084.3,No,West Bengal
TXN10911,INV20056,120586,05/20/2025,Sip,99069,1981.38,N,Karnataka
TXN10912,INV20193,119018,08/27/2024,LUMP-SUM,154082,,Pending,West Bengal
TXN10913,INV20116,118632,06/04/2025,Redemption,84105,1682.1,Y,Karnataka
TXN10914,INV20114,119598,2024-06-27,Redemption,78206,1564.12,N,Uttar Pradesh
TXN10915,INV20238,119598,2023-07-21,sip,144137,2882.74,No,Gujarat
TXN10916,INV20065,120586,16-07-2024,Sip,198232,3964.64,Approved,Maharashtra
TXN10917,INV20198,120586,31/07/2024,redemption,216446,4328.92,Y,Haryana
TXN10918,INV20168,120465,11/02/2023,Lumpsum,197381,3947.62,No,Telangana
TXN10919,INV20151,120465,08/17/2025,Redemption,83070,1661.4,done,West Bengal
TXN10920,INV20054,118632,2025-07-10,Redemption,230048,,Y,Haryana
TXN10921,INV20208,120152,27/12/2024,Lumpsum,180768,3615.36,Approved,Gujarat
TXN10922,INV20151,119018,2026-03-08,Sip,87573,1751.46,done,West Bengal
TXN10923,INV20053,118632,05/11/2023,Lumpsum,87203,1744.06,,Uttar Pradesh
TXN10924,INV20024,119598,02-08-2023,SIP,159168,3183.36,Yes,Tamil Nadu
TXN10925,INV20018,118632,04-08-2024,Lumpsum,138467,,Y,Gujarat
TXN10926,INV20133,119018,18/12/2023,redemption,30030,,done,Haryana
TXN10927,INV20191,119018,07-03-2025,Sip,82200,1644.0,,Karnataka
TXN10928,INV20155,120465,27-09-2024,LUMP-SUM,121312,2426.24,Y,Karnataka
TXN10929,INV20115,119018,28-03-2025,LUMP-SUM,150219,3004.38,,Haryana
TXN10930,INV20148,119018,06/07/2023,REDEMPTION,221892,4437.84,Approved,West Bengal
TXN10931,INV20157,119598,30-04-2025,Sip,193215,3864.3,done,Karnataka
TXN10932,INV20179,120465,07/15/2023,SIP,229206,,Approved,Delhi
TXN10933,INV20179,120152,03/20/2024,redemption,145919,,Pending,Delhi
TXN10934,INV20194,119018,30/10/2025,redemption,67261,1345.22,Y,Haryana
TXN10935,INV20007,119018,08/03/2025,Redemption,225335,,Y,Maharashtra
TXN10936,INV20065,119018,07/10/2023,REDEMPTION,18887,,No,Haryana
TXN10937,INV20036,118632,25-07-2024,Sip,160118,,Approved,Delhi
TXN10938,INV20137,120152,11-03-2025,sip,3938,78.76,Yes,Haryana
TXN10939,INV20092,119598,2024-03-19,LUMP-SUM,183646,,N,West Bengal
TXN10940,INV20177,120586,2025-06-28,SIP,99931,1998.62,No,Gujarat
TXN10941,INV20233,119598,2024-02-14,SIP,4816,96.32,No,Delhi
TXN10942,INV20057,119018,10-12-2023,SIP,29228,584.56,Pending,Telangana
TXN10943,INV20161,119598,02/29/2024,redemption,57041,,Pending,Karnataka
TXN10944,INV20004,118632,2024-10-09,redemption,58696,,Approved,Punjab
TXN10945,INV20095,119018,18-05-2023,redemption,157989,3159.78,N,Telangana
TXN10946,INV20203,120465,18/12/2023,sip,166379,3327.58,Yes,Gujarat
TXN10947,INV20045,120152,10/13/2024,sip,160523,3210.46,,West Bengal
TXN10948,INV20131,120152,2024-04-21,Lumpsum,-2532,0.0,done,Tamil Nadu
TXN10949,INV20159,119018,03-05-2023,Redemption,53956,,No,Maharashtra
TXN10950,INV20061,120152,05/09/2026,Redemption,84240,1684.8,Y,Telangana
TXN10951,INV20203,118632,2024-08-13,Lumpsum,87840,1756.8,No,Telangana
TXN10952,INV20014,120152,23-05-2024,redemption,49115,982.3,Y,Delhi
TXN10953,INV20223,118632,24-05-2023,SIP,38101,762.02,Yes,Delhi
TXN10954,INV20045,120465,29-01-2026,Lumpsum,112736,2254.72,Approved,Karnataka
TXN10955,INV20185,119598,05/16/2024,Sip,80456,1609.12,,Tamil Nadu
TXN10956,INV20070,118632,13/06/2023,redemption,124394,2487.88,done,Karnataka
TXN10957,INV20210,118632,02/10/2023,redemption,199930,3998.6,Approved,Punjab
TXN10958,INV20138,119598,06-02-2026,lumpsum,81176,1623.52,done,Telangana
TXN10959,INV20156,118632,28/05/2023,Sip,52305,,No,Maharashtra
TXN10960,INV20004,120465,02/05/2025,redemption,247490,4949.8,Pending,West Bengal
TXN10961,INV20126,120586,2026-04-19,redemption,242592,,Yes,Tamil Nadu
TXN10962,INV20196,118632,06/06/2024,LUMP-SUM,167456,3349.12,Y,West Bengal
TXN10963,INV20238,118632,20-05-2024,REDEMPTION,-6421,0.0,Y,Karnataka
TXN10964,INV20067,120465,21-07-2025,lumpsum,152608,3052.16,Yes,Maharashtra
TXN10965,INV20030,119018,02/26/2025,sip,50498,1009.96,Yes,West Bengal
TXN10966,INV20065,120152,09/10/2024,lumpsum,198253,3965.06,N,Delhi
TXN10967,INV20163,120465,06-12-2024,lumpsum,244798,4895.96,Approved,Maharashtra
TXN10968,INV20044,118632,2023-01-04,sip,110534,2210.68,Approved,West Bengal
TXN10969,INV20044,119598,06-02-2025,Sip,48706,974.12,N,Haryana
TXN10970,INV20146,119598,16-01-2024,SIP,213121,4262.42,Approved,West Bengal
TXN10971,INV20113,120152,12-08-2023,sip,100019,,N,Gujarat
TXN10972,INV20008,120465,04/25/2024,REDEMPTION,27426,,Approved,Maharashtra
TXN10973,INV20171,120465,2023-03-27,Lumpsum,2903,58.06,Approved,Haryana
TXN10974,INV20122,120586,05/22/2026,Redemption,234348,4686.96,Pending,Tamil Nadu
TXN10975,INV20241,120586,03/27/2025,SIP,229872,4597.44,N,Maharashtra
TXN10976,INV20117,120152,02-04-2025,SIP,228804,4576.08,No,Gujarat
TXN10977,INV20116,120465,08/31/2025,Lumpsum,0,0.0,Pending,Maharashtra
TXN10978,INV20163,120586,04/04/2023,REDEMPTION,128018,2560.36,N,Gujarat
TXN10979,INV20110,118632,07/25/2023,lumpsum,187631,,Y,Karnataka
TXN10980,INV20128,119018,09/09/2024,Sip,31324,626.48,No,Tamil Nadu
TXN10981,INV20055,119598,2023-07-03,redemption,8660,,Pending,West Bengal
TXN10982,INV20197,120586,27/03/2024,REDEMPTION,176794,,Yes,Telangana
TXN10983,INV20163,120152,2025-10-04,Redemption,245260,4905.2,N,Gujarat
TXN10984,INV20097,120152,02/20/2025,Lumpsum,31327,626.54,N,Delhi
TXN10985,INV20088,120152,27-04-2026,sip,34401,688.02,done,Punjab
TXN10986,INV20189,119018,2024-09-28,LUMP-SUM,102750,2055.0,Pending,Gujarat
TXN10987,INV20205,120152,16-09-2023,sip,142110,2842.2,Pending,Karnataka
TXN10988,INV20209,120586,03/24/2024,REDEMPTION,75289,,Y,Punjab
TXN10989,INV20082,120586,2025-10-25,lumpsum,186210,3724.2,No,Haryana
TXN10990,INV20075,120152,2025-02-10,Redemption,188895,3777.9,No,Maharashtra
TXN10991,INV20237,119598,09/25/2025,lumpsum,173818,3476.36,Yes,Maharashtra
TXN10992,INV20141,118632,11/22/2024,REDEMPTION,199630,3992.6,N,Telangana
TXN10993,INV20187,120586,01-08-2024,LUMP-SUM,35314,706.28,Y,Uttar Pradesh
TXN10994,INV20118,120152,02-12-2023,REDEMPTION,77305,1546.1,No,Tamil Nadu
TXN10995,INV20206,120152,2024-02-05,Redemption,151911,,Yes,West Bengal
TXN10996,INV20244,118632,2023-12-11,sip,125223,,Y,Delhi
TXN10997,INV20132,120152,11/24/2024,Sip,106904,2138.08,N,Tamil Nadu
TXN10998,INV20102,118632,11-09-2024,redemption,209489,4189.78,N,Haryana
TXN10999,INV20222,120152,21/02/2025,REDEMPTION,32457,,N,Haryana
TXN11000,INV20165,120152,09-11-2025,SIP,151111,3022.22,N,Punjab
